,,,,,,,,,,,,,,,,,,,,,,,,,,,,,,,,,,,
,,ON,,,,,,,,,,,,,,,,,,,,,,,,,,,,,,,,,
,Enter courses in columns G-AJ. Mark outcomes with any character.,,,,,<course 1>,<Course 2>,,,,,,,,,,,,,,,,,,,,,,,,,,,,
,,,,,,,,,,,,,,,,,,,,,,,,,,,,,,,,,,,
KA,KU,Coverage,Level,KU Outcome,,,,,,,,,,,,,,,,,,,,,,,,,,,,,,,
AL,Basic Analysis,2,2,,,,,,,,,,,,,,,,,,,,,,,,,,,,,,,,
AL,Basic Analysis,1,Familiarity,1,0,,,,,,,,,,,,,,,,,,,,,,,,,,,,,,
AL,Basic Analysis,1,Assessment,2,0,,,,,,,,,,,,,,,,,,,,,,,,,,,,,,
AL,Basic Analysis,1,Usage,3,0,,,,,,,,,,,,,,,,,,,,,,,,,,,,,,
AL,Basic Analysis,1,Familiarity,4,0,,,,,,,,,,,,,,,,,,,,,,,,,,,,,,
AL,Basic Analysis,1,Familiarity,5,0,,,,,,,,,,,,,,,,,,,,,,,,,,,,,,
AL,Basic Analysis,1,Assessment,6,0,,,,,,,,,,,,,,,,,,,,,,,,,,,,,,
AL,Basic Analysis,1,Familiarity,7,0,,,,,,,,,,,,,,,,,,,,,,,,,,,,,,
AL,Basic Analysis,2,Usage,8,0,,,,,,,,,,,,,,,,,,,,,,,,,,,,,,
AL,Basic Analysis,2,Usage,9,0,,,,,,,,,,,,,,,,,,,,,,,,,,,,,,
AL,Basic Analysis,2,Familiarity,10,0,,,,,,,,,,,,,,,,,,,,,,,,,,,,,,
AL,Basic Analysis,2,Usage,11,0,,,,,,,,,,,,,,,,,,,,,,,,,,,,,,
AL,Basic Analysis,2,Usage,12,0,,,,,,,,,,,,,,,,,,,,,,,,,,,,,,
,,,,,,,,,,,,,,,,,,,,,,,,,,,,,,,,,,,
AL,Algorithmic Strategies ,5,1,,,,,,,,,,,,,,,,,,,,,,,,,,,,,,,,
AL,Algorithmic Strategies ,1,Familiarity,1,0,,,,,,,,,,,,,,,,,,,,,,,,,,,,,,
AL,Algorithmic Strategies ,1,Assessment,2,0,,,,,,,,,,,,,,,,,,,,,,,,,,,,,,
AL,Algorithmic Strategies ,1,Usage,3,0,,,,,,,,,,,,,,,,,,,,,,,,,,,,,,
AL,Algorithmic Strategies ,1,Usage,4,0,,,,,,,,,,,,,,,,,,,,,,,,,,,,,,
AL,Algorithmic Strategies ,1,Usage,5,0,,,,,,,,,,,,,,,,,,,,,,,,,,,,,,
AL,Algorithmic Strategies ,1,Assessment,6,0,,,,,,,,,,,,,,,,,,,,,,,,,,,,,,
AL,Algorithmic Strategies ,2,Familiarity,7,0,,,,,,,,,,,,,,,,,,,,,,,,,,,,,,
AL,Algorithmic Strategies ,2,Usage,8,0,,,,,,,,,,,,,,,,,,,,,,,,,,,,,,
AL,Algorithmic Strategies ,2,Assessment,9,0,,,,,,,,,,,,,,,,,,,,,,,,,,,,,,
AL,Algorithmic Strategies ,2,Familiarity,10,0,,,,,,,,,,,,,,,,,,,,,,,,,,,,,,
,,,,,,,,,,,,,,,,,,,,,,,,,,,,,,,,,,,
AL,Fundamental Data Structures and Algorithms,9,3,,,,,,,,,,,,,,,,,,,,,,,,,,,,,,,,
AL,Fundamental Data Structures and Algorithms,1,Usage,1,0,,,,,,,,,,,,,,,,,,,,,,,,,,,,,,
AL,Fundamental Data Structures and Algorithms,1,Assessment,2,0,,,,,,,,,,,,,,,,,,,,,,,,,,,,,,
AL,Fundamental Data Structures and Algorithms,1,Usage,3,0,,,,,,,,,,,,,,,,,,,,,,,,,,,,,,
AL,Fundamental Data Structures and Algorithms,1,Familiarity,4,0,,,,,,,,,,,,,,,,,,,,,,,,,,,,,,
AL,Fundamental Data Structures and Algorithms,1,Familiarity,5,0,,,,,,,,,,,,,,,,,,,,,,,,,,,,,,
AL,Fundamental Data Structures and Algorithms,1,Familiarity,6,0,,,,,,,,,,,,,,,,,,,,,,,,,,,,,,
AL,Fundamental Data Structures and Algorithms,1,Familiarity,7,0,,,,,,,,,,,,,,,,,,,,,,,,,,,,,,
AL,Fundamental Data Structures and Algorithms,1,Usage,8,0,,,,,,,,,,,,,,,,,,,,,,,,,,,,,,
AL,Fundamental Data Structures and Algorithms,2,Assessment,9,0,,,,,,,,,,,,,,,,,,,,,,,,,,,,,,
AL,Fundamental Data Structures and Algorithms,2,Familiarity,10,0,,,,,,,,,,,,,,,,,,,,,,,,,,,,,,
AL,Fundamental Data Structures and Algorithms,2,Usage,11,0,,,,,,,,,,,,,,,,,,,,,,,,,,,,,,
AL,Fundamental Data Structures and Algorithms,2,Usage,12,0,,,,,,,,,,,,,,,,,,,,,,,,,,,,,,
,,,,,,,,,,,,,,,,,,,,,,,,,,,,,,,,,,,
AL,Basic Automata Computability and Complexity,3,3,,,,,,,,,,,,,,,,,,,,,,,,,,,,,,,,
AL,Basic Automata Computability and Complexity,1,Familiarity,1,0,,,,,,,,,,,,,,,,,,,,,,,,,,,,,,
AL,Basic Automata Computability and Complexity,1,Usage,2,0,,,,,,,,,,,,,,,,,,,,,,,,,,,,,,
AL,Basic Automata Computability and Complexity,1,Usage,3,0,,,,,,,,,,,,,,,,,,,,,,,,,,,,,,
AL,Basic Automata Computability and Complexity,1,Familiarity,4,0,,,,,,,,,,,,,,,,,,,,,,,,,,,,,,
AL,Basic Automata Computability and Complexity,2,Usage,5,0,,,,,,,,,,,,,,,,,,,,,,,,,,,,,,
AL,Basic Automata Computability and Complexity,2,Familiarity,6,0,,,,,,,,,,,,,,,,,,,,,,,,,,,,,,
AL,Basic Automata Computability and Complexity,2,Familiarity,7,0,,,,,,,,,,,,,,,,,,,,,,,,,,,,,,
,,,,,,,,,,,,,,,,,,,,,,,,,,,,,,,,,,,
AL,Advanced Computational Complexity,0,0,,,,,,,,,,,,,,,,,,,,,,,,,,,,,,,,
AL,Advanced Computational Complexity,3,Familiarity,1,0,,,,,,,,,,,,,,,,,,,,,,,,,,,,,,
AL,Advanced Computational Complexity,3,Familiarity,2,0,,,,,,,,,,,,,,,,,,,,,,,,,,,,,,
AL,Advanced Computational Complexity,3,Familiarity,3,0,,,,,,,,,,,,,,,,,,,,,,,,,,,,,,
AL,Advanced Computational Complexity,3,Familiarity,4,0,,,,,,,,,,,,,,,,,,,,,,,,,,,,,,
AL,Advanced Computational Complexity,3,Usage,5,0,,,,,,,,,,,,,,,,,,,,,,,,,,,,,,
,,,,,,,,,,,,,,,,,,,,,,,,,,,,,,,,,,,
AL,Advanced Automata Theory and Computability,0,0,,,,,,,,,,,,,,,,,,,,,,,,,,,,,,,,
AL,Advanced Automata Theory and Computability,3,Assessment,1,0,,,,,,,,,,,,,,,,,,,,,,,,,,,,,,
AL,Advanced Automata Theory and Computability,3,Usage,2,0,,,,,,,,,,,,,,,,,,,,,,,,,,,,,,
AL,Advanced Automata Theory and Computability,3,Familiarity,3,0,,,,,,,,,,,,,,,,,,,,,,,,,,,,,,
AL,Advanced Automata Theory and Computability,3,Familiarity,4,0,,,,,,,,,,,,,,,,,,,,,,,,,,,,,,
AL,Advanced Automata Theory and Computability,3,Familiarity,5,0,,,,,,,,,,,,,,,,,,,,,,,,,,,,,,
AL,Advanced Automata Theory and Computability,3,Usage,6,0,,,,,,,,,,,,,,,,,,,,,,,,,,,,,,
,,,,,,,,,,,,,,,,,,,,,,,,,,,,,,,,,,,
AL,Advanced Data Structures Algorithms and Analysis,0,0,,,,,,,,,,,,,,,,,,,,,,,,,,,,,,,,
AL,Advanced Data Structures Algorithms and Analysis,3,Assessment,1,0,,,,,,,,,,,,,,,,,,,,,,,,,,,,,,
AL,Advanced Data Structures Algorithms and Analysis,3,Assessment,2,0,,,,,,,,,,,,,,,,,,,,,,,,,,,,,,
AL,Advanced Data Structures Algorithms and Analysis,3,Assessment,3,0,,,,,,,,,,,,,,,,,,,,,,,,,,,,,,
,,,,,,,,,,,,,,,,,,,,,,,,,,,,,,,,,,,
AR,Digital logic and digital systems,0,3,,,,,,,,,,,,,,,,,,,,,,,,,,,,,,,,
AR,Digital logic and digital systems,2,Familiarity,1,0,,,,,,,,,,,,,,,,,,,,,,,,,,,,,,
AR,Digital logic and digital systems,2,Familiarity,2,0,,,,,,,,,,,,,,,,,,,,,,,,,,,,,,
AR,Digital logic and digital systems,2,Familiarity,3,0,,,,,,,,,,,,,,,,,,,,,,,,,,,,,,
AR,Digital logic and digital systems,2,Familiarity,4,0,,,,,,,,,,,,,,,,,,,,,,,,,,,,,,
AR,Digital logic and digital systems,2,Usage,5,0,,,,,,,,,,,,,,,,,,,,,,,,,,,,,,
AR,Digital logic and digital systems,2,Usage,6,0,,,,,,,,,,,,,,,,,,,,,,,,,,,,,,
AR,Digital logic and digital systems,2,Assessment,7,0,,,,,,,,,,,,,,,,,,,,,,,,,,,,,,
,,,,,,,,,,,,,,,,,,,,,,,,,,,,,,,,,,,
AR,Machine level representation of data,0,3,,,,,,,,,,,,,,,,,,,,,,,,,,,,,,,,
AR,Machine level representation of data,2,Familiarity,1,0,,,,,,,,,,,,,,,,,,,,,,,,,,,,,,
AR,Machine level representation of data,2,Familiarity,2,0,,,,,,,,,,,,,,,,,,,,,,,,,,,,,,
AR,Machine level representation of data,2,Familiarity,3,0,,,,,,,,,,,,,,,,,,,,,,,,,,,,,,
AR,Machine level representation of data,2,Familiarity,4,0,,,,,,,,,,,,,,,,,,,,,,,,,,,,,,
AR,Machine level representation of data,2,Familiarity,5,0,,,,,,,,,,,,,,,,,,,,,,,,,,,,,,
AR,Machine level representation of data,2,Usage,6,0,,,,,,,,,,,,,,,,,,,,,,,,,,,,,,
AR,Machine level representation of data,2,Usage,7,0,,,,,,,,,,,,,,,,,,,,,,,,,,,,,,
,,,,,,,,,,,,,,,,,,,,,,,,,,,,,,,,,,,
AR,Assembly level machine organization,0,6,,,,,,,,,,,,,,,,,,,,,,,,,,,,,,,,
AR,Assembly level machine organization,2,Familiarity,1,0,,,,,,,,,,,,,,,,,,,,,,,,,,,,,,
AR,Assembly level machine organization,2,Familiarity,2,0,,,,,,,,,,,,,,,,,,,,,,,,,,,,,,
AR,Assembly level machine organization,2,Familiarity,3,0,,,,,,,,,,,,,,,,,,,,,,,,,,,,,,
AR,Assembly level machine organization,2,Familiarity,4,0,,,,,,,,,,,,,,,,,,,,,,,,,,,,,,
AR,Assembly level machine organization,2,Familiarity,5,0,,,,,,,,,,,,,,,,,,,,,,,,,,,,,,
AR,Assembly level machine organization,2,Familiarity,6,0,,,,,,,,,,,,,,,,,,,,,,,,,,,,,,
AR,Assembly level machine organization,2,Familiarity,7,0,,,,,,,,,,,,,,,,,,,,,,,,,,,,,,
AR,Assembly level machine organization,2,Familiarity,8,0,,,,,,,,,,,,,,,,,,,,,,,,,,,,,,
AR,Assembly level machine organization,2,Usage,9,0,,,,,,,,,,,,,,,,,,,,,,,,,,,,,,
AR,Assembly level machine organization,2,Usage,10,0,,,,,,,,,,,,,,,,,,,,,,,,,,,,,,
,,,,,,,,,,,,,,,,,,,,,,,,,,,,,,,,,,,
AR,Memory system organization and architecture,0,3,,,,,,,,,,,,,,,,,,,,,,,,,,,,,,,,
AR,Memory system organization and architecture,2,Familiarity,1,0,,,,,,,,,,,,,,,,,,,,,,,,,,,,,,
AR,Memory system organization and architecture,2,Familiarity,2,0,,,,,,,,,,,,,,,,,,,,,,,,,,,,,,
AR,Memory system organization and architecture,2,Familiarity,3,0,,,,,,,,,,,,,,,,,,,,,,,,,,,,,,
AR,Memory system organization and architecture,2,Familiarity,4,0,,,,,,,,,,,,,,,,,,,,,,,,,,,,,,
AR,Memory system organization and architecture,2,Familiarity,5,0,,,,,,,,,,,,,,,,,,,,,,,,,,,,,,
AR,Memory system organization and architecture,2,Usage,6,0,,,,,,,,,,,,,,,,,,,,,,,,,,,,,,
,,,,,,,,,,,,,,,,,,,,,,,,,,,,,,,,,,,
AR,Interfacing and communication,0,1,,,,,,,,,,,,,,,,,,,,,,,,,,,,,,,,
AR,Interfacing and communication,2,Familiarity,1,0,,,,,,,,,,,,,,,,,,,,,,,,,,,,,,
AR,Interfacing and communication,2,Familiarity,2,0,,,,,,,,,,,,,,,,,,,,,,,,,,,,,,
AR,Interfacing and communication,2,Familiarity,3,0,,,,,,,,,,,,,,,,,,,,,,,,,,,,,,
AR,Interfacing and communication,2,Familiarity,4,0,,,,,,,,,,,,,,,,,,,,,,,,,,,,,,
AR,Interfacing and communication,2,Familiarity,5,0,,,,,,,,,,,,,,,,,,,,,,,,,,,,,,
AR,Interfacing and communication,2,Familiarity,6,0,,,,,,,,,,,,,,,,,,,,,,,,,,,,,,
,,,,,,,,,,,,,,,,,,,,,,,,,,,,,,,,,,,
AR,Functional organization,0,0,,,,,,,,,,,,,,,,,,,,,,,,,,,,,,,,
AR,Functional organization,3,Familiarity,1,0,,,,,,,,,,,,,,,,,,,,,,,,,,,,,,
AR,Functional organization,3,Familiarity,2,0,,,,,,,,,,,,,,,,,,,,,,,,,,,,,,
AR,Functional organization,3,Familiarity,3,0,,,,,,,,,,,,,,,,,,,,,,,,,,,,,,
AR,Functional organization,3,Usage,4,0,,,,,,,,,,,,,,,,,,,,,,,,,,,,,,
AR,Functional organization,3,Assessment,5,0,,,,,,,,,,,,,,,,,,,,,,,,,,,,,,
,,,,,,,,,,,,,,,,,,,,,,,,,,,,,,,,,,,
AR,Multiprocessing and alternative architectures,0,0,,,,,,,,,,,,,,,,,,,,,,,,,,,,,,,,
AR,Multiprocessing and alternative architectures,3,Familiarity,1,0,,,,,,,,,,,,,,,,,,,,,,,,,,,,,,
AR,Multiprocessing and alternative architectures,3,Familiarity,2,0,,,,,,,,,,,,,,,,,,,,,,,,,,,,,,
AR,Multiprocessing and alternative architectures,3,Familiarity,3,0,,,,,,,,,,,,,,,,,,,,,,,,,,,,,,
AR,Multiprocessing and alternative architectures,3,Familiarity,4,0,,,,,,,,,,,,,,,,,,,,,,,,,,,,,,
AR,Multiprocessing and alternative architectures,3,Familiarity,5,0,,,,,,,,,,,,,,,,,,,,,,,,,,,,,,
,,,,,,,,,,,,,,,,,,,,,,,,,,,,,,,,,,,
AR,Performance enhancements,0,0,,,,,,,,,,,,,,,,,,,,,,,,,,,,,,,,
AR,Performance enhancements,3,Familiarity,1,0,,,,,,,,,,,,,,,,,,,,,,,,,,,,,,
AR,Performance enhancements,3,Familiarity,2,0,,,,,,,,,,,,,,,,,,,,,,,,,,,,,,
AR,Performance enhancements,3,Familiarity,3,0,,,,,,,,,,,,,,,,,,,,,,,,,,,,,,
AR,Performance enhancements,3,Familiarity,4,0,,,,,,,,,,,,,,,,,,,,,,,,,,,,,,
AR,Performance enhancements,3,Familiarity,5,0,,,,,,,,,,,,,,,,,,,,,,,,,,,,,,
AR,Performance enhancements,3,Familiarity,6,0,,,,,,,,,,,,,,,,,,,,,,,,,,,,,,
,,,,,,,,,,,,,,,,,,,,,,,,,,,,,,,,,,,
CN,Introduction to Modeling and Simulation,1,0,,,,,,,,,,,,,,,,,,,,,,,,,,,,,,,,
CN,Introduction to Modeling and Simulation,1,Familiarity,1,0,,,,,,,,,,,,,,,,,,,,,,,,,,,,,,
CN,Introduction to Modeling and Simulation,1,Familiarity,2,0,,,,,,,,,,,,,,,,,,,,,,,,,,,,,,
CN,Introduction to Modeling and Simulation,1,Usage,3,0,,,,,,,,,,,,,,,,,,,,,,,,,,,,,,
CN,Introduction to Modeling and Simulation,1,Familiarity,4,0,,,,,,,,,,,,,,,,,,,,,,,,,,,,,,
CN,Introduction to Modeling and Simulation,1,Familiarity,5,0,,,,,,,,,,,,,,,,,,,,,,,,,,,,,,
CN,Introduction to Modeling and Simulation,1,Usage,6,0,,,,,,,,,,,,,,,,,,,,,,,,,,,,,,
,,,,,,,,,,,,,,,,,,,,,,,,,,,,,,,,,,,
CN,Modeling and Simulation,0,0,,,,,,,,,,,,,,,,,,,,,,,,,,,,,,,,
CN,Modeling and Simulation,3,Familiarity,1,0,,,,,,,,,,,,,,,,,,,,,,,,,,,,,,
CN,Modeling and Simulation,3,Usage,2,0,,,,,,,,,,,,,,,,,,,,,,,,,,,,,,
CN,Modeling and Simulation,3,Familiarity,3,0,,,,,,,,,,,,,,,,,,,,,,,,,,,,,,
CN,Modeling and Simulation,3,Assessment,4,0,,,,,,,,,,,,,,,,,,,,,,,,,,,,,,
CN,Modeling and Simulation,3,Assessment,5,0,,,,,,,,,,,,,,,,,,,,,,,,,,,,,,
CN,Modeling and Simulation,3,Assessment,6,0,,,,,,,,,,,,,,,,,,,,,,,,,,,,,,
CN,Modeling and Simulation,3,Assessment,7,0,,,,,,,,,,,,,,,,,,,,,,,,,,,,,,
CN,Modeling and Simulation,3,Assessment,8,0,,,,,,,,,,,,,,,,,,,,,,,,,,,,,,
CN,Modeling and Simulation,3,Assessment,9,0,,,,,,,,,,,,,,,,,,,,,,,,,,,,,,
CN,Modeling and Simulation,3,Assessment,10,0,,,,,,,,,,,,,,,,,,,,,,,,,,,,,,
,,,,,,,,,,,,,,,,,,,,,,,,,,,,,,,,,,,
CN,Processing,0,0,,,,,,,,,,,,,,,,,,,,,,,,,,,,,,,,
CN,Processing,3,Familiarity,1,0,,,,,,,,,,,,,,,,,,,,,,,,,,,,,,
CN,Processing,3,Assessment,2,0,,,,,,,,,,,,,,,,,,,,,,,,,,,,,,
CN,Processing,3,Familiarity,3,0,,,,,,,,,,,,,,,,,,,,,,,,,,,,,,
CN,Processing,3,Familiarity,4,0,,,,,,,,,,,,,,,,,,,,,,,,,,,,,,
CN,Processing,3,Familiarity,5,0,,,,,,,,,,,,,,,,,,,,,,,,,,,,,,
CN,Processing,3,Familiarity,6,0,,,,,,,,,,,,,,,,,,,,,,,,,,,,,,
CN,Processing,3,Usage,7,0,,,,,,,,,,,,,,,,,,,,,,,,,,,,,,
CN,Processing,3,Familiarity,8,0,,,,,,,,,,,,,,,,,,,,,,,,,,,,,,
CN,Processing,3,Familiarity,9,0,,,,,,,,,,,,,,,,,,,,,,,,,,,,,,
CN,Processing,3,Assessment,10,0,,,,,,,,,,,,,,,,,,,,,,,,,,,,,,
CN,Processing,3,Familiarity,11,0,,,,,,,,,,,,,,,,,,,,,,,,,,,,,,
CN,Processing,3,Usage,12,0,,,,,,,,,,,,,,,,,,,,,,,,,,,,,,
,,,,,,,,,,,,,,,,,,,,,,,,,,,,,,,,,,,
CN,Interactive Visualization,0,0,,,,,,,,,,,,,,,,,,,,,,,,,,,,,,,,
CN,Interactive Visualization,3,Assessment,1,0,,,,,,,,,,,,,,,,,,,,,,,,,,,,,,
CN,Interactive Visualization,3,Usage,2,0,,,,,,,,,,,,,,,,,,,,,,,,,,,,,,
CN,Interactive Visualization,3,Familiarity,3,0,,,,,,,,,,,,,,,,,,,,,,,,,,,,,,
CN,Interactive Visualization,3,Assessment,4,0,,,,,,,,,,,,,,,,,,,,,,,,,,,,,,
CN,Interactive Visualization,3,Assessment,5,0,,,,,,,,,,,,,,,,,,,,,,,,,,,,,,
CN,Interactive Visualization,3,Familiarity,6,0,,,,,,,,,,,,,,,,,,,,,,,,,,,,,,
,,,,,,,,,,,,,,,,,,,,,,,,,,,,,,,,,,,
CN,"Data, Information, and Knowledge",0,0,,,,,,,,,,,,,,,,,,,,,,,,,,,,,,,,
CN,"Data, Information, and Knowledge",3,Assessment,1,0,,,,,,,,,,,,,,,,,,,,,,,,,,,,,,
CN,"Data, Information, and Knowledge",3,Familiarity,2,0,,,,,,,,,,,,,,,,,,,,,,,,,,,,,,
CN,"Data, Information, and Knowledge",3,Familiarity,3,0,,,,,,,,,,,,,,,,,,,,,,,,,,,,,,
CN,"Data, Information, and Knowledge",3,Assessment,4,0,,,,,,,,,,,,,,,,,,,,,,,,,,,,,,
CN,"Data, Information, and Knowledge",3,Familiarity,5,0,,,,,,,,,,,,,,,,,,,,,,,,,,,,,,
CN,"Data, Information, and Knowledge",3,Assessment,6,0,,,,,,,,,,,,,,,,,,,,,,,,,,,,,,
CN,"Data, Information, and Knowledge",3,Usage,7,0,,,,,,,,,,,,,,,,,,,,,,,,,,,,,,
,,,,,,,,,,,,,,,,,,,,,,,,,,,,,,,,,,,
CN,Numerical Analysis,0,0,,,,,,,,,,,,,,,,,,,,,,,,,,,,,,,,
CN,Numerical Analysis,3,Familiarity,1,0,,,,,,,,,,,,,,,,,,,,,,,,,,,,,,
CN,Numerical Analysis,3,Usage,2,0,,,,,,,,,,,,,,,,,,,,,,,,,,,,,,
CN,Numerical Analysis,3,Usage,3,0,,,,,,,,,,,,,,,,,,,,,,,,,,,,,,
CN,Numerical Analysis,3,Usage,4,0,,,,,,,,,,,,,,,,,,,,,,,,,,,,,,
,,,,,,,,,,,,,,,,,,,,,,,,,,,,,,,,,,,
DS,"Sets, Relations, and Functions",4,0,,,,,,,,,,,,,,,,,,,,,,,,,,,,,,,,
DS,"Sets, Relations, and Functions",1,Familiarity,1,0,,,,,,,,,,,,,,,,,,,,,,,,,,,,,,
DS,"Sets, Relations, and Functions",1,Usage,2,0,,,,,,,,,,,,,,,,,,,,,,,,,,,,,,
DS,"Sets, Relations, and Functions",1,Assessment,3,0,,,,,,,,,,,,,,,,,,,,,,,,,,,,,,
,,,,,,,,,,,,,,,,,,,,,,,,,,,,,,,,,,,
DS,Basic Logic,9,0,,,,,,,,,,,,,,,,,,,,,,,,,,,,,,,,
DS,Basic Logic,1,Usage,1,0,,,,,,,,,,,,,,,,,,,,,,,,,,,,,,
DS,Basic Logic,1,Usage,2,0,,,,,,,,,,,,,,,,,,,,,,,,,,,,,,
DS,Basic Logic,1,Usage,3,0,,,,,,,,,,,,,,,,,,,,,,,,,,,,,,
DS,Basic Logic,1,Usage,4,0,,,,,,,,,,,,,,,,,,,,,,,,,,,,,,
DS,Basic Logic,1,Usage,5,0,,,,,,,,,,,,,,,,,,,,,,,,,,,,,,
DS,Basic Logic,1,Familiarity,6,0,,,,,,,,,,,,,,,,,,,,,,,,,,,,,,
,,,,,,,,,,,,,,,,,,,,,,,,,,,,,,,,,,,
DS,Proof Techniques,10,1,,,,,,,,,,,,,,,,,,,,,,,,,,,,,,,,
DS,Proof Techniques,1,Familiarity,1,0,,,,,,,,,,,,,,,,,,,,,,,,,,,,,,
DS,Proof Techniques,1,Usage,2,0,,,,,,,,,,,,,,,,,,,,,,,,,,,,,,
DS,Proof Techniques,1,Usage,3,0,,,,,,,,,,,,,,,,,,,,,,,,,,,,,,
DS,Proof Techniques,1,Assessment,4,0,,,,,,,,,,,,,,,,,,,,,,,,,,,,,,
DS,Proof Techniques,1,Assessment,5,0,,,,,,,,,,,,,,,,,,,,,,,,,,,,,,
DS,Proof Techniques,1,Assessment,6,0,,,,,,,,,,,,,,,,,,,,,,,,,,,,,,
DS,Proof Techniques,2,Familiarity,7,0,,,,,,,,,,,,,,,,,,,,,,,,,,,,,,
,,,,,,,,,,,,,,,,,,,,,,,,,,,,,,,,,,,
DS,Basics of Counting,5,0,,,,,,,,,,,,,,,,,,,,,,,,,,,,,,,,
DS,Basics of Counting,1,Usage,1,0,,,,,,,,,,,,,,,,,,,,,,,,,,,,,,
DS,Basics of Counting,1,Usage,2,0,,,,,,,,,,,,,,,,,,,,,,,,,,,,,,
DS,Basics of Counting,1,Usage,3,0,,,,,,,,,,,,,,,,,,,,,,,,,,,,,,
DS,Basics of Counting,1,Usage,4,0,,,,,,,,,,,,,,,,,,,,,,,,,,,,,,
DS,Basics of Counting,1,Usage,5,0,,,,,,,,,,,,,,,,,,,,,,,,,,,,,,
DS,Basics of Counting,1,Usage,6,0,,,,,,,,,,,,,,,,,,,,,,,,,,,,,,
DS,Basics of Counting,1,Usage,7,0,,,,,,,,,,,,,,,,,,,,,,,,,,,,,,
,,,,,,,,,,,,,,,,,,,,,,,,,,,,,,,,,,,
DS,Graphs and Trees,3,1,,,,,,,,,,,,,,,,,,,,,,,,,,,,,,,,
DS,Graphs and Trees,1,Familiarity,1,0,,,,,,,,,,,,,,,,,,,,,,,,,,,,,,
DS,Graphs and Trees,1,Usage,2,0,,,,,,,,,,,,,,,,,,,,,,,,,,,,,,
DS,Graphs and Trees,1,Usage,3,0,,,,,,,,,,,,,,,,,,,,,,,,,,,,,,
DS,Graphs and Trees,1,Usage,4,0,,,,,,,,,,,,,,,,,,,,,,,,,,,,,,
DS,Graphs and Trees,2,Usage,5,0,,,,,,,,,,,,,,,,,,,,,,,,,,,,,,
DS,Graphs and Trees,2,Usage,6,0,,,,,,,,,,,,,,,,,,,,,,,,,,,,,,
,,,,,,,,,,,,,,,,,,,,,,,,,,,,,,,,,,,
DS,Discrete Probability,6,2,,,,,,,,,,,,,,,,,,,,,,,,,,,,,,,,
DS,Discrete Probability,1,Usage,1,0,,,,,,,,,,,,,,,,,,,,,,,,,,,,,,
DS,Discrete Probability,1,Usage,2,0,,,,,,,,,,,,,,,,,,,,,,,,,,,,,,
DS,Discrete Probability,1,Usage,3,0,,,,,,,,,,,,,,,,,,,,,,,,,,,,,,
DS,Discrete Probability,1,Usage,4,0,,,,,,,,,,,,,,,,,,,,,,,,,,,,,,
DS,Discrete Probability,1,Usage,5,0,,,,,,,,,,,,,,,,,,,,,,,,,,,,,,
DS,Discrete Probability,1,Usage,6,0,,,,,,,,,,,,,,,,,,,,,,,,,,,,,,
DS,Discrete Probability,2,Usage,7,0,,,,,,,,,,,,,,,,,,,,,,,,,,,,,,
,,,,,,,,,,,,,,,,,,,,,,,,,,,,,,,,,,,
GV,Fundamental Concepts,2,1,,,,,,,,,,,,,,,,,,,,,,,,,,,,,,,,
GV,Fundamental Concepts,1,Familiarity,1,0,,,,,,,,,,,,,,,,,,,,,,,,,,,,,,
GV,Fundamental Concepts,1,Familiarity,2,0,,,,,,,,,,,,,,,,,,,,,,,,,,,,,,
GV,Fundamental Concepts,1,Familiarity,3,0,,,,,,,,,,,,,,,,,,,,,,,,,,,,,,
GV,Fundamental Concepts,1,Usage,4,0,,,,,,,,,,,,,,,,,,,,,,,,,,,,,,
GV,Fundamental Concepts,1,Familiarity,5,0,,,,,,,,,,,,,,,,,,,,,,,,,,,,,,
GV,Fundamental Concepts,2,Familiarity,6,0,,,,,,,,,,,,,,,,,,,,,,,,,,,,,,
GV,Fundamental Concepts,2,Familiarity,7,0,,,,,,,,,,,,,,,,,,,,,,,,,,,,,,
GV,Fundamental Concepts,3,Familiarity,8,0,,,,,,,,,,,,,,,,,,,,,,,,,,,,,,
GV,Fundamental Concepts,3,Familiarity,9,0,,,,,,,,,,,,,,,,,,,,,,,,,,,,,,
,,,,,,,,,,,,,,,,,,,,,,,,,,,,,,,,,,,
GV,Basic Rendering,0,0,,,,,,,,,,,,,,,,,,,,,,,,,,,,,,,,
GV,Basic Rendering,3,Familiarity,1,0,,,,,,,,,,,,,,,,,,,,,,,,,,,,,,
GV,Basic Rendering,3,Familiarity,2,0,,,,,,,,,,,,,,,,,,,,,,,,,,,,,,
GV,Basic Rendering,3,Usage,3,0,,,,,,,,,,,,,,,,,,,,,,,,,,,,,,
GV,Basic Rendering,3,Usage,4,0,,,,,,,,,,,,,,,,,,,,,,,,,,,,,,
GV,Basic Rendering,3,Usage,5,0,,,,,,,,,,,,,,,,,,,,,,,,,,,,,,
GV,Basic Rendering,3,Usage,6,0,,,,,,,,,,,,,,,,,,,,,,,,,,,,,,
GV,Basic Rendering,3,Assessment,7,0,,,,,,,,,,,,,,,,,,,,,,,,,,,,,,
GV,Basic Rendering,3,Familiarity,8,0,,,,,,,,,,,,,,,,,,,,,,,,,,,,,,
GV,Basic Rendering,3,Familiarity,9,0,,,,,,,,,,,,,,,,,,,,,,,,,,,,,,
GV,Basic Rendering,3,Usage,10,0,,,,,,,,,,,,,,,,,,,,,,,,,,,,,,
GV,Basic Rendering,3,Usage,11,0,,,,,,,,,,,,,,,,,,,,,,,,,,,,,,
GV,Basic Rendering,3,Assessment,12,0,,,,,,,,,,,,,,,,,,,,,,,,,,,,,,
GV,Basic Rendering,3,Assessment,13,0,,,,,,,,,,,,,,,,,,,,,,,,,,,,,,
GV,Basic Rendering,3,Assessment,14,0,,,,,,,,,,,,,,,,,,,,,,,,,,,,,,
,,,,,,,,,,,,,,,,,,,,,,,,,,,,,,,,,,,
GV,Geometric Modeling,0,0,,,,,,,,,,,,,,,,,,,,,,,,,,,,,,,,
GV,Geometric Modeling,3,Usage,1,0,,,,,,,,,,,,,,,,,,,,,,,,,,,,,,
GV,Geometric Modeling,3,Usage,2,0,,,,,,,,,,,,,,,,,,,,,,,,,,,,,,
GV,Geometric Modeling,3,Usage,3,0,,,,,,,,,,,,,,,,,,,,,,,,,,,,,,
GV,Geometric Modeling,3,Usage,4,0,,,,,,,,,,,,,,,,,,,,,,,,,,,,,,
GV,Geometric Modeling,3,Usage,5,0,,,,,,,,,,,,,,,,,,,,,,,,,,,,,,
GV,Geometric Modeling,3,Usage,6,0,,,,,,,,,,,,,,,,,,,,,,,,,,,,,,
GV,Geometric Modeling,3,Assessment,7,0,,,,,,,,,,,,,,,,,,,,,,,,,,,,,,
,,,,,,,,,,,,,,,,,,,,,,,,,,,,,,,,,,,
GV,Advanced Rendering,0,0,,,,,,,,,,,,,,,,,,,,,,,,,,,,,,,,
GV,Advanced Rendering,3,Assessment,1,0,,,,,,,,,,,,,,,,,,,,,,,,,,,,,,
GV,Advanced Rendering,3,Assessment,2,0,,,,,,,,,,,,,,,,,,,,,,,,,,,,,,
GV,Advanced Rendering,3,Assessment,3,0,,,,,,,,,,,,,,,,,,,,,,,,,,,,,,
GV,Advanced Rendering,3,Usage,4,0,,,,,,,,,,,,,,,,,,,,,,,,,,,,,,
GV,Advanced Rendering,3,Familiarity,5,0,,,,,,,,,,,,,,,,,,,,,,,,,,,,,,
GV,Advanced Rendering,3,Familiarity,6,0,,,,,,,,,,,,,,,,,,,,,,,,,,,,,,
GV,Advanced Rendering,3,Usage,7,0,,,,,,,,,,,,,,,,,,,,,,,,,,,,,,
GV,Advanced Rendering,3,Usage,8,0,,,,,,,,,,,,,,,,,,,,,,,,,,,,,,
,,,,,,,,,,,,,,,,,,,,,,,,,,,,,,,,,,,
GV,Computer Animation,0,0,,,,,,,,,,,,,,,,,,,,,,,,,,,,,,,,
GV,Computer Animation,3,Usage,1,0,,,,,,,,,,,,,,,,,,,,,,,,,,,,,,
GV,Computer Animation,3,Usage,2,0,,,,,,,,,,,,,,,,,,,,,,,,,,,,,,
GV,Computer Animation,3,Assessment,3,0,,,,,,,,,,,,,,,,,,,,,,,,,,,,,,
GV,Computer Animation,3,Usage,4,0,,,,,,,,,,,,,,,,,,,,,,,,,,,,,,
GV,Computer Animation,3,Usage,5,0,,,,,,,,,,,,,,,,,,,,,,,,,,,,,,
GV,Computer Animation,3,Familiarity,6,0,,,,,,,,,,,,,,,,,,,,,,,,,,,,,,
GV,Computer Animation,3,Usage,7,0,,,,,,,,,,,,,,,,,,,,,,,,,,,,,,
,,,,,,,,,,,,,,,,,,,,,,,,,,,,,,,,,,,
GV,Visualization,0,0,,,,,,,,,,,,,,,,,,,,,,,,,,,,,,,,
GV,Visualization,3,Familiarity,1,0,,,,,,,,,,,,,,,,,,,,,,,,,,,,,,
GV,Visualization,3,Assessment,2,0,,,,,,,,,,,,,,,,,,,,,,,,,,,,,,
GV,Visualization,3,Assessment,3,0,,,,,,,,,,,,,,,,,,,,,,,,,,,,,,
GV,Visualization,3,Assessment,4,0,,,,,,,,,,,,,,,,,,,,,,,,,,,,,,
GV,Visualization,3,Assessment,5,0,,,,,,,,,,,,,,,,,,,,,,,,,,,,,,
GV,Visualization,3,Familiarity,6,0,,,,,,,,,,,,,,,,,,,,,,,,,,,,,,
,,,,,,,,,,,,,,,,,,,,,,,,,,,,,,,,,,,
HCI,Foundations,4,0,,,,,,,,,,,,,,,,,,,,,,,,,,,,,,,,
HCI,Foundations,1,Familiarity,1,0,,,,,,,,,,,,,,,,,,,,,,,,,,,,,,
HCI,Foundations,1,Familiarity,2,0,,,,,,,,,,,,,,,,,,,,,,,,,,,,,,
HCI,Foundations,1,Usage,3,0,,,,,,,,,,,,,,,,,,,,,,,,,,,,,,
HCI,Foundations,1,Usage,4,0,,,,,,,,,,,,,,,,,,,,,,,,,,,,,,
HCI,Foundations,1,Assessment,5,0,,,,,,,,,,,,,,,,,,,,,,,,,,,,,,
,,,,,,,,,,,,,,,,,,,,,,,,,,,,,,,,,,,
HCI,Designing Interaction,0,4,,,,,,,,,,,,,,,,,,,,,,,,,,,,,,,,
HCI,Designing Interaction,2,Assessment,1,0,,,,,,,,,,,,,,,,,,,,,,,,,,,,,,
HCI,Designing Interaction,2,Usage,2,0,,,,,,,,,,,,,,,,,,,,,,,,,,,,,,
HCI,Designing Interaction,2,Usage,3,0,,,,,,,,,,,,,,,,,,,,,,,,,,,,,,
HCI,Designing Interaction,2,Familiarity,4,0,,,,,,,,,,,,,,,,,,,,,,,,,,,,,,
,,,,,,,,,,,,,,,,,,,,,,,,,,,,,,,,,,,
HCI,Programming Interactive Systems,0,0,,,,,,,,,,,,,,,,,,,,,,,,,,,,,,,,
HCI,Programming Interactive Systems,3,Familiarity,1,0,,,,,,,,,,,,,,,,,,,,,,,,,,,,,,
HCI,Programming Interactive Systems,3,Usage,2,0,,,,,,,,,,,,,,,,,,,,,,,,,,,,,,
HCI,Programming Interactive Systems,3,Familiarity,3,0,,,,,,,,,,,,,,,,,,,,,,,,,,,,,,
HCI,Programming Interactive Systems,3,Familiarity,4,0,,,,,,,,,,,,,,,,,,,,,,,,,,,,,,
,,,,,,,,,,,,,,,,,,,,,,,,,,,,,,,,,,,
HCI,User-centered design and testing,0,0,,,,,,,,,,,,,,,,,,,,,,,,,,,,,,,,
HCI,User-centered design and testing,3,Familiarity,1,0,,,,,,,,,,,,,,,,,,,,,,,,,,,,,,
HCI,User-centered design and testing,3,Usage,2,0,,,,,,,,,,,,,,,,,,,,,,,,,,,,,,
HCI,User-centered design and testing,3,Assessment,3,0,,,,,,,,,,,,,,,,,,,,,,,,,,,,,,
HCI,User-centered design and testing,3,Assessment,4,0,,,,,,,,,,,,,,,,,,,,,,,,,,,,,,
HCI,User-centered design and testing,3,Assessment,5,0,,,,,,,,,,,,,,,,,,,,,,,,,,,,,,
,,,,,,,,,,,,,,,,,,,,,,,,,,,,,,,,,,,
HCI,New Interactive Technologies,0,0,,,,,,,,,,,,,,,,,,,,,,,,,,,,,,,,
HCI,New Interactive Technologies,3,Familiarity,1,0,,,,,,,,,,,,,,,,,,,,,,,,,,,,,,
HCI,New Interactive Technologies,3,Familiarity,2,0,,,,,,,,,,,,,,,,,,,,,,,,,,,,,,
HCI,New Interactive Technologies,3,Assessment,3,0,,,,,,,,,,,,,,,,,,,,,,,,,,,,,,
,,,,,,,,,,,,,,,,,,,,,,,,,,,,,,,,,,,
HCI,Collaboration and communication,0,0,,,,,,,,,,,,,,,,,,,,,,,,,,,,,,,,
HCI,Collaboration and communication,3,Familiarity,1,0,,,,,,,,,,,,,,,,,,,,,,,,,,,,,,
HCI,Collaboration and communication,3,Assessment,2,0,,,,,,,,,,,,,,,,,,,,,,,,,,,,,,
HCI,Collaboration and communication,3,Familiarity,3,0,,,,,,,,,,,,,,,,,,,,,,,,,,,,,,
HCI,Collaboration and communication,3,Familiarity,4,0,,,,,,,,,,,,,,,,,,,,,,,,,,,,,,
,,,,,,,,,,,,,,,,,,,,,,,,,,,,,,,,,,,
HCI,Statistical methods for HCI,0,0,,,,,,,,,,,,,,,,,,,,,,,,,,,,,,,,
HCI,Statistical methods for HCI,3,Familiarity,1,0,,,,,,,,,,,,,,,,,,,,,,,,,,,,,,
HCI,Statistical methods for HCI,3,Usage,2,0,,,,,,,,,,,,,,,,,,,,,,,,,,,,,,
HCI,Statistical methods for HCI,3,Usage,3,0,,,,,,,,,,,,,,,,,,,,,,,,,,,,,,
HCI,Statistical methods for HCI,3,Usage,4,0,,,,,,,,,,,,,,,,,,,,,,,,,,,,,,
,,,,,,,,,,,,,,,,,,,,,,,,,,,,,,,,,,,
HCI,Human factors and security,0,0,,,,,,,,,,,,,,,,,,,,,,,,,,,,,,,,
HCI,Human factors and security,3,Familiarity,1,0,,,,,,,,,,,,,,,,,,,,,,,,,,,,,,
HCI,Human factors and security,3,Assessment,2,0,,,,,,,,,,,,,,,,,,,,,,,,,,,,,,
HCI,Human factors and security,3,Assessment,3,0,,,,,,,,,,,,,,,,,,,,,,,,,,,,,,
HCI,Human factors and security,3,Familiarity,4,0,,,,,,,,,,,,,,,,,,,,,,,,,,,,,,
HCI,Human factors and security,3,Usage,5,0,,,,,,,,,,,,,,,,,,,,,,,,,,,,,,
,,,,,,,,,,,,,,,,,,,,,,,,,,,,,,,,,,,
HCI,Design-oriented HCI,0,0,,,,,,,,,,,,,,,,,,,,,,,,,,,,,,,,
HCI,Design-oriented HCI,3,Familiarity,1,0,,,,,,,,,,,,,,,,,,,,,,,,,,,,,,
HCI,Design-oriented HCI,3,Familiarity,2,0,,,,,,,,,,,,,,,,,,,,,,,,,,,,,,
HCI,Design-oriented HCI,3,Usage,3,0,,,,,,,,,,,,,,,,,,,,,,,,,,,,,,
,,,,,,,,,,,,,,,,,,,,,,,,,,,,,,,,,,,
HCI,"Mixed, Augmented and Virtual Reality",0,0,,,,,,,,,,,,,,,,,,,,,,,,,,,,,,,,
HCI,"Mixed, Augmented and Virtual Reality",3,Familiarity,1,0,,,,,,,,,,,,,,,,,,,,,,,,,,,,,,
HCI,"Mixed, Augmented and Virtual Reality",3,Familiarity,2,0,,,,,,,,,,,,,,,,,,,,,,,,,,,,,,
HCI,"Mixed, Augmented and Virtual Reality",3,Familiarity,3,0,,,,,,,,,,,,,,,,,,,,,,,,,,,,,,
HCI,"Mixed, Augmented and Virtual Reality",3,Familiarity,4,0,,,,,,,,,,,,,,,,,,,,,,,,,,,,,,
HCI,"Mixed, Augmented and Virtual Reality",3,Usage,5,0,,,,,,,,,,,,,,,,,,,,,,,,,,,,,,
HCI,"Mixed, Augmented and Virtual Reality",3,Familiarity,6,0,,,,,,,,,,,,,,,,,,,,,,,,,,,,,,
,,,,,,,,,,,,,,,,,,,,,,,,,,,,,,,,,,,
IAS,Foundational Concepts in Security,1,0,,,,,,,,,,,,,,,,,,,,,,,,,,,,,,,,
IAS,Foundational Concepts in Security,1,Usage,1,0,,,,,,,,,,,,,,,,,,,,,,,,,,,,,,
IAS,Foundational Concepts in Security,1,Familiarity,2,0,,,,,,,,,,,,,,,,,,,,,,,,,,,,,,
IAS,Foundational Concepts in Security,1,Familiarity,3,0,,,,,,,,,,,,,,,,,,,,,,,,,,,,,,
IAS,Foundational Concepts in Security,1,Familiarity,4,0,,,,,,,,,,,,,,,,,,,,,,,,,,,,,,
IAS,Foundational Concepts in Security,1,Familiarity,5,0,,,,,,,,,,,,,,,,,,,,,,,,,,,,,,
,,,,,,,,,,,,,,,,,,,,,,,,,,,,,,,,,,,
IAS,Principles of Secure Design,1,1,,,,,,,,,,,,,,,,,,,,,,,,,,,,,,,,
IAS,Principles of Secure Design,1,Familiarity,1,0,,,,,,,,,,,,,,,,,,,,,,,,,,,,,,
IAS,Principles of Secure Design,1,Familiarity,2,0,,,,,,,,,,,,,,,,,,,,,,,,,,,,,,
IAS,Principles of Secure Design,1,Familiarity,3,0,,,,,,,,,,,,,,,,,,,,,,,,,,,,,,
IAS,Principles of Secure Design,1,Familiarity,4,0,,,,,,,,,,,,,,,,,,,,,,,,,,,,,,
IAS,Principles of Secure Design,1,Familiarity,5,0,,,,,,,,,,,,,,,,,,,,,,,,,,,,,,
IAS,Principles of Secure Design,1,Familiarity,6,0,,,,,,,,,,,,,,,,,,,,,,,,,,,,,,
IAS,Principles of Secure Design,1,Familiarity,7,0,,,,,,,,,,,,,,,,,,,,,,,,,,,,,,
IAS,Principles of Secure Design,2,Familiarity,8,0,,,,,,,,,,,,,,,,,,,,,,,,,,,,,,
IAS,Principles of Secure Design,2,Familiarity,9,0,,,,,,,,,,,,,,,,,,,,,,,,,,,,,,
IAS,Principles of Secure Design,2,Familiarity,10,0,,,,,,,,,,,,,,,,,,,,,,,,,,,,,,
IAS,Principles of Secure Design,2,Familiarity,11,0,,,,,,,,,,,,,,,,,,,,,,,,,,,,,,
IAS,Principles of Secure Design,2,Familiarity,12,0,,,,,,,,,,,,,,,,,,,,,,,,,,,,,,
IAS,Principles of Secure Design,2,Familiarity,13,0,,,,,,,,,,,,,,,,,,,,,,,,,,,,,,
,,,,,,,,,,,,,,,,,,,,,,,,,,,,,,,,,,,
IAS,Defensive Programming,1,1,,,,,,,,,,,,,,,,,,,,,,,,,,,,,,,,
IAS,Defensive Programming,1,Familiarity,1,0,,,,,,,,,,,,,,,,,,,,,,,,,,,,,,
IAS,Defensive Programming,1,Familiarity,2,0,,,,,,,,,,,,,,,,,,,,,,,,,,,,,,
IAS,Defensive Programming,1,Usage,3,0,,,,,,,,,,,,,,,,,,,,,,,,,,,,,,
IAS,Defensive Programming,1,Usage,4,0,,,,,,,,,,,,,,,,,,,,,,,,,,,,,,
IAS,Defensive Programming,1,Usage,5,0,,,,,,,,,,,,,,,,,,,,,,,,,,,,,,
IAS,Defensive Programming,2,Familiarity,6,0,,,,,,,,,,,,,,,,,,,,,,,,,,,,,,
IAS,Defensive Programming,2,Familiarity,7,0,,,,,,,,,,,,,,,,,,,,,,,,,,,,,,
IAS,Defensive Programming,2,Familiarity,8,0,,,,,,,,,,,,,,,,,,,,,,,,,,,,,,
IAS,Defensive Programming,3,Familiarity,9,0,,,,,,,,,,,,,,,,,,,,,,,,,,,,,,
IAS,Defensive Programming,3,Familiarity,10,0,,,,,,,,,,,,,,,,,,,,,,,,,,,,,,
IAS,Defensive Programming,3,Usage,11,0,,,,,,,,,,,,,,,,,,,,,,,,,,,,,,
IAS,Defensive Programming,3,Usage,12,0,,,,,,,,,,,,,,,,,,,,,,,,,,,,,,
IAS,Defensive Programming,3,Familiarity,13,0,,,,,,,,,,,,,,,,,,,,,,,,,,,,,,
,,,,,,,,,,,,,,,,,,,,,,,,,,,,,,,,,,,
IAS,Threats and Attacks,0,1,,,,,,,,,,,,,,,,,,,,,,,,,,,,,,,,
IAS,Threats and Attacks,2,Familiarity,1,0,,,,,,,,,,,,,,,,,,,,,,,,,,,,,,
IAS,Threats and Attacks,2,Familiarity,2,0,,,,,,,,,,,,,,,,,,,,,,,,,,,,,,
IAS,Threats and Attacks,2,Familiarity,3,0,,,,,,,,,,,,,,,,,,,,,,,,,,,,,,
IAS,Threats and Attacks,2,Familiarity,4,0,,,,,,,,,,,,,,,,,,,,,,,,,,,,,,
IAS,Threats and Attacks,2,Familiarity,5,0,,,,,,,,,,,,,,,,,,,,,,,,,,,,,,
IAS,Threats and Attacks,2,Familiarity,6,0,,,,,,,,,,,,,,,,,,,,,,,,,,,,,,
,,,,,,,,,,,,,,,,,,,,,,,,,,,,,,,,,,,
IAS,Network Security,0,2,,,,,,,,,,,,,,,,,,,,,,,,,,,,,,,,
IAS,Network Security,2,Familiarity,1,0,,,,,,,,,,,,,,,,,,,,,,,,,,,,,,
IAS,Network Security,2,Familiarity,2,0,,,,,,,,,,,,,,,,,,,,,,,,,,,,,,
IAS,Network Security,2,Familiarity,3,0,,,,,,,,,,,,,,,,,,,,,,,,,,,,,,
IAS,Network Security,2,Familiarity,4,0,,,,,,,,,,,,,,,,,,,,,,,,,,,,,,
IAS,Network Security,2,Familiarity,5,0,,,,,,,,,,,,,,,,,,,,,,,,,,,,,,
IAS,Network Security,3,Familiarity,6,0,,,,,,,,,,,,,,,,,,,,,,,,,,,,,,
IAS,Network Security,3,Familiarity,7,0,,,,,,,,,,,,,,,,,,,,,,,,,,,,,,
IAS,Network Security,3,Familiarity,8,0,,,,,,,,,,,,,,,,,,,,,,,,,,,,,,
IAS,Network Security,3,Familiarity,9,0,,,,,,,,,,,,,,,,,,,,,,,,,,,,,,
,,,,,,,,,,,,,,,,,,,,,,,,,,,,,,,,,,,
IAS,Cryptography,0,1,,,,,,,,,,,,,,,,,,,,,,,,,,,,,,,,
IAS,Cryptography,2,Familiarity,1,0,,,,,,,,,,,,,,,,,,,,,,,,,,,,,,
IAS,Cryptography,2,Familiarity,2,0,,,,,,,,,,,,,,,,,,,,,,,,,,,,,,
IAS,Cryptography,2,Familiarity,3,0,,,,,,,,,,,,,,,,,,,,,,,,,,,,,,
IAS,Cryptography,2,Familiarity,4,0,,,,,,,,,,,,,,,,,,,,,,,,,,,,,,
IAS,Cryptography,2,Usage,5,0,,,,,,,,,,,,,,,,,,,,,,,,,,,,,,
IAS,Cryptography,3,Usage,6,0,,,,,,,,,,,,,,,,,,,,,,,,,,,,,,
IAS,Cryptography,3,Usage,7,0,,,,,,,,,,,,,,,,,,,,,,,,,,,,,,
IAS,Cryptography,3,Familiarity,8,0,,,,,,,,,,,,,,,,,,,,,,,,,,,,,,
IAS,Cryptography,3,Familiarity,9,0,,,,,,,,,,,,,,,,,,,,,,,,,,,,,,
IAS,Cryptography,3,Familiarity,10,0,,,,,,,,,,,,,,,,,,,,,,,,,,,,,,
IAS,Cryptography,3,Familiarity,11,0,,,,,,,,,,,,,,,,,,,,,,,,,,,,,,
IAS,Cryptography,3,Usage,12,0,,,,,,,,,,,,,,,,,,,,,,,,,,,,,,
IAS,Cryptography,3,Familiarity,13,0,,,,,,,,,,,,,,,,,,,,,,,,,,,,,,
IAS,Cryptography,3,Familiarity,14,0,,,,,,,,,,,,,,,,,,,,,,,,,,,,,,
,,,,,,,,,,,,,,,,,,,,,,,,,,,,,,,,,,,
IAS ,Web Security,0,0,,,,,,,,,,,,,,,,,,,,,,,,,,,,,,,,
IAS ,Web Security,3,Familiarity,1,0,,,,,,,,,,,,,,,,,,,,,,,,,,,,,,
IAS ,Web Security,3,Familiarity,2,0,,,,,,,,,,,,,,,,,,,,,,,,,,,,,,
IAS ,Web Security,3,Familiarity,3,0,,,,,,,,,,,,,,,,,,,,,,,,,,,,,,
IAS ,Web Security,3,Usage,4,0,,,,,,,,,,,,,,,,,,,,,,,,,,,,,,
,,,,,,,,,,,,,,,,,,,,,,,,,,,,,,,,,,,
IAS,Platform Security,0,0, ,0,,,,,,,,,,,,,,,,,,,,,,,,,,,,,,
IAS,Platform Security,3,Familiarity,1,0,,,,,,,,,,,,,,,,,,,,,,,,,,,,,,
IAS,Platform Security,3,Familiarity,2,0,,,,,,,,,,,,,,,,,,,,,,,,,,,,,,
IAS,Platform Security,3,Familiarity,3,0,,,,,,,,,,,,,,,,,,,,,,,,,,,,,,
IAS,Platform Security,3,Familiarity,4,0,,,,,,,,,,,,,,,,,,,,,,,,,,,,,,
IAS,Platform Security,3,Familiarity,5,0,,,,,,,,,,,,,,,,,,,,,,,,,,,,,,
IAS,Platform Security,3,Familiarity,6,0,,,,,,,,,,,,,,,,,,,,,,,,,,,,,,
IAS,Platform Security,3,Familiarity,7,0,,,,,,,,,,,,,,,,,,,,,,,,,,,,,,
IAS,Platform Security,3,Familiarity,8,0,,,,,,,,,,,,,,,,,,,,,,,,,,,,,,
,,,,,,,,,,,,,,,,,,,,,,,,,,,,,,,,,,,
IAS,Security Policy and Governance,0,0,,,,,,,,,,,,,,,,,,,,,,,,,,,,,,,,
IAS,Security Policy and Governance,3,Familiarity,1,0,,,,,,,,,,,,,,,,,,,,,,,,,,,,,,
IAS,Security Policy and Governance,3,Familiarity,2,0,,,,,,,,,,,,,,,,,,,,,,,,,,,,,,
IAS,Security Policy and Governance,3,Familiarity,3,0,,,,,,,,,,,,,,,,,,,,,,,,,,,,,,
IAS,Security Policy and Governance,3,Familiarity,4,0,,,,,,,,,,,,,,,,,,,,,,,,,,,,,,
IAS,Security Policy and Governance,3,Familiarity,5,0,,,,,,,,,,,,,,,,,,,,,,,,,,,,,,
IAS,Security Policy and Governance,3,Familiarity,6,0,,,,,,,,,,,,,,,,,,,,,,,,,,,,,,
IAS,Security Policy and Governance,3,Familiarity,7,0,,,,,,,,,,,,,,,,,,,,,,,,,,,,,,
,,,,,,,,,,,,,,,,,,,,,,,,,,,,,,,,,,,
IAS,Digital Forensics,0,0,,,,,,,,,,,,,,,,,,,,,,,,,,,,,,,,
IAS,Digital Forensics,3,Familiarity,1,0,,,,,,,,,,,,,,,,,,,,,,,,,,,,,,
IAS,Digital Forensics,3,Familiarity,2,0,,,,,,,,,,,,,,,,,,,,,,,,,,,,,,
IAS,Digital Forensics,3,Familiarity,3,0,,,,,,,,,,,,,,,,,,,,,,,,,,,,,,
IAS,Digital Forensics,3,Familiarity,4,0,,,,,,,,,,,,,,,,,,,,,,,,,,,,,,
IAS,Digital Forensics,3,Familiarity,5,0,,,,,,,,,,,,,,,,,,,,,,,,,,,,,,
IAS,Digital Forensics,3,Usage,6,0,,,,,,,,,,,,,,,,,,,,,,,,,,,,,,
IAS,Digital Forensics,3,Familiarity,7,0,,,,,,,,,,,,,,,,,,,,,,,,,,,,,,
IAS,Digital Forensics,3,Usage,8,0,,,,,,,,,,,,,,,,,,,,,,,,,,,,,,
IAS,Digital Forensics,3,Usage,9,0,,,,,,,,,,,,,,,,,,,,,,,,,,,,,,
IAS,Digital Forensics,3,Usage,10,0,,,,,,,,,,,,,,,,,,,,,,,,,,,,,,
IAS,Digital Forensics,3,Usage,11,0,,,,,,,,,,,,,,,,,,,,,,,,,,,,,,
IAS,Digital Forensics,3,Familiarity,12,0,,,,,,,,,,,,,,,,,,,,,,,,,,,,,,
IAS,Digital Forensics,3,Usage,13,0,,,,,,,,,,,,,,,,,,,,,,,,,,,,,,
IAS,Digital Forensics,3,Usage,14,0,,,,,,,,,,,,,,,,,,,,,,,,,,,,,,
IAS,Digital Forensics,3,Familiarity,15,0,,,,,,,,,,,,,,,,,,,,,,,,,,,,,,
,,,,,,,,,,,,,,,,,,,,,,,,,,,,,,,,,,,
IAS ,Secure Software Engineering,0,0,,,,,,,,,,,,,,,,,,,,,,,,,,,,,,,,
IAS ,Secure Software Engineering,3,Familiarity,1,0,,,,,,,,,,,,,,,,,,,,,,,,,,,,,,
IAS ,Secure Software Engineering,3,Usage,2,0,,,,,,,,,,,,,,,,,,,,,,,,,,,,,,
IAS ,Secure Software Engineering,3,Usage,3,0,,,,,,,,,,,,,,,,,,,,,,,,,,,,,,
IAS ,Secure Software Engineering,3,Familiarity,4,0,,,,,,,,,,,,,,,,,,,,,,,,,,,,,,
IAS ,Secure Software Engineering,3,Usage,5,0,,,,,,,,,,,,,,,,,,,,,,,,,,,,,,
,,,,,,,,,,,,,,,,,,,,,,,,,,,,,,,,,,,
IM,Information Management Concepts,1,2,,,,,,,,,,,,,,,,,,,,,,,,,,,,,,,,
IM,Information Management Concepts,1,Familiarity,1,0,,,,,,,,,,,,,,,,,,,,,,,,,,,,,,
IM,Information Management Concepts,1,Assessment,2,0,,,,,,,,,,,,,,,,,,,,,,,,,,,,,,
IM,Information Management Concepts,1,Familiarity,3,0,,,,,,,,,,,,,,,,,,,,,,,,,,,,,,
IM,Information Management Concepts,1,Assessment,4,0,,,,,,,,,,,,,,,,,,,,,,,,,,,,,,
IM,Information Management Concepts,1,Usage,5,0,,,,,,,,,,,,,,,,,,,,,,,,,,,,,,
IM,Information Management Concepts,1,Familiarity,6,0,,,,,,,,,,,,,,,,,,,,,,,,,,,,,,
IM,Information Management Concepts,2,Assessment,7,0,,,,,,,,,,,,,,,,,,,,,,,,,,,,,,
IM,Information Management Concepts,2,Familiarity,8,0,,,,,,,,,,,,,,,,,,,,,,,,,,,,,,
IM,Information Management Concepts,2,Familiarity,9,0,,,,,,,,,,,,,,,,,,,,,,,,,,,,,,
IM,Information Management Concepts,2,Familiarity,10,0,,,,,,,,,,,,,,,,,,,,,,,,,,,,,,
IM,Information Management Concepts,2,Familiarity,11,0,,,,,,,,,,,,,,,,,,,,,,,,,,,,,,
IM,Information Management Concepts,2,Familiarity,12,0,,,,,,,,,,,,,,,,,,,,,,,,,,,,,,
IM,Information Management Concepts,2,Usage,13,0,,,,,,,,,,,,,,,,,,,,,,,,,,,,,,
,,,,,,,,,,,,,,,,,,,,,,,,,,,,,,,,,,,
IM,Database Systems,0,3,,,,,,,,,,,,,,,,,,,,,,,,,,,,,,,,
IM,Database Systems,2,Familiarity,1,0,,,,,,,,,,,,,,,,,,,,,,,,,,,,,,
IM,Database Systems,2,Familiarity,2,0,,,,,,,,,,,,,,,,,,,,,,,,,,,,,,
IM,Database Systems,2,Familiarity,3,0,,,,,,,,,,,,,,,,,,,,,,,,,,,,,,
IM,Database Systems,2,Familiarity,4,0,,,,,,,,,,,,,,,,,,,,,,,,,,,,,,
IM,Database Systems,2,Familiarity,5,0,,,,,,,,,,,,,,,,,,,,,,,,,,,,,,
IM,Database Systems,2,Familiarity,6,0,,,,,,,,,,,,,,,,,,,,,,,,,,,,,,
IM,Database Systems,2,Usage,7,0,,,,,,,,,,,,,,,,,,,,,,,,,,,,,,
IM,Database Systems,2,Familiarity,8,0,,,,,,,,,,,,,,,,,,,,,,,,,,,,,,
IM,Database Systems,3,Familiarity,9,0,,,,,,,,,,,,,,,,,,,,,,,,,,,,,,
,,,,,,,,,,,,,,,,,,,,,,,,,,,,,,,,,,,
IM,Data Modeling,0,4,,,,,,,,,,,,,,,,,,,,,,,,,,,,,,,,
IM,Data Modeling,2,Assessment,1,0,,,,,,,,,,,,,,,,,,,,,,,,,,,,,,
IM,Data Modeling,2,Familiarity,2,0,,,,,,,,,,,,,,,,,,,,,,,,,,,,,,
IM,Data Modeling,2,Familiarity,3,0,,,,,,,,,,,,,,,,,,,,,,,,,,,,,,
IM,Data Modeling,2,Familiarity,4,0,,,,,,,,,,,,,,,,,,,,,,,,,,,,,,
IM,Data Modeling,2,Usage,5,0,,,,,,,,,,,,,,,,,,,,,,,,,,,,,,
IM,Data Modeling,2,Familiarity,6,0,,,,,,,,,,,,,,,,,,,,,,,,,,,,,,
IM,Data Modeling,2,Assessment,7,0,,,,,,,,,,,,,,,,,,,,,,,,,,,,,,
IM,Data Modeling,2,Usage,8,0,,,,,,,,,,,,,,,,,,,,,,,,,,,,,,
,,,,,,,,,,,,,,,,,,,,,,,,,,,,,,,,,,,
IM ,Indexing,0,0,,,,,,,,,,,,,,,,,,,,,,,,,,,,,,,,
IM ,Indexing,3,Usage,1,0,,,,,,,,,,,,,,,,,,,,,,,,,,,,,,
IM ,Indexing,3,Familiarity,2,0,,,,,,,,,,,,,,,,,,,,,,,,,,,,,,
IM ,Indexing,3,Familiarity,3,0,,,,,,,,,,,,,,,,,,,,,,,,,,,,,,
IM ,Indexing,3,Usage,4,0,,,,,,,,,,,,,,,,,,,,,,,,,,,,,,
IM ,Indexing,3,Usage,5,0,,,,,,,,,,,,,,,,,,,,,,,,,,,,,,
IM ,Indexing,3,Familiarity,6,0,,,,,,,,,,,,,,,,,,,,,,,,,,,,,,
,,,,,,,,,,,,,,,,,,,,,,,,,,,,,,,,,,,
IM,Relational Databases,0,0,,,,,,,,,,,,,,,,,,,,,,,,,,,,,,,,
IM,Relational Databases,3,Usage,1,0,,,,,,,,,,,,,,,,,,,,,,,,,,,,,,
IM,Relational Databases,3,Usage,2,0,,,,,,,,,,,,,,,,,,,,,,,,,,,,,,
IM,Relational Databases,3,Usage,3,0,,,,,,,,,,,,,,,,,,,,,,,,,,,,,,
IM,Relational Databases,3,Usage,4,0,,,,,,,,,,,,,,,,,,,,,,,,,,,,,,
IM,Relational Databases,3,Usage,5,0,,,,,,,,,,,,,,,,,,,,,,,,,,,,,,
IM,Relational Databases,3,Assessment,6,0,,,,,,,,,,,,,,,,,,,,,,,,,,,,,,
IM,Relational Databases,3,Usage,7,0,,,,,,,,,,,,,,,,,,,,,,,,,,,,,,
IM,Relational Databases,3,Usage,8,0,,,,,,,,,,,,,,,,,,,,,,,,,,,,,,
IM,Relational Databases,3,Assessment,9,0,,,,,,,,,,,,,,,,,,,,,,,,,,,,,,
IM,Relational Databases,3,Assessment,10,0,,,,,,,,,,,,,,,,,,,,,,,,,,,,,,
IM,Relational Databases,3,Familiarity,11,0,,,,,,,,,,,,,,,,,,,,,,,,,,,,,,
IM,Relational Databases,3,Familiarity,12,0,,,,,,,,,,,,,,,,,,,,,,,,,,,,,,
IM,Relational Databases,3,Familiarity,13,0,,,,,,,,,,,,,,,,,,,,,,,,,,,,,,
,,,,,,,,,,,,,,,,,,,,,,,,,,,,,,,,,,,
IM,Query Languages,0,0,,,,,,,,,,,,,,,,,,,,,,,,,,,,,,,,
IM,Query Languages,3,Usage,1,0,,,,,,,,,,,,,,,,,,,,,,,,,,,,,,
IM,Query Languages,3,Usage,2,0,,,,,,,,,,,,,,,,,,,,,,,,,,,,,,
IM,Query Languages,3,Assessment,3,0,,,,,,,,,,,,,,,,,,,,,,,,,,,,,,
IM,Query Languages,3,Usage,4,0,,,,,,,,,,,,,,,,,,,,,,,,,,,,,,
IM,Query Languages,3,Usage,5,0,,,,,,,,,,,,,,,,,,,,,,,,,,,,,,
IM,Query Languages,3,Usage,6,0,,,,,,,,,,,,,,,,,,,,,,,,,,,,,,
,,,,,,,,,,,,,,,,,,,,,,,,,,,,,,,,,,,
IM,Transaction Processing,0,0,,,,,,,,,,,,,,,,,,,,,,,,,,,,,,,,
IM,Transaction Processing,3,Usage,1,0,,,,,,,,,,,,,,,,,,,,,,,,,,,,,,
IM,Transaction Processing,3,Familiarity,2,0,,,,,,,,,,,,,,,,,,,,,,,,,,,,,,
IM,Transaction Processing,3,Familiarity,3,0,,,,,,,,,,,,,,,,,,,,,,,,,,,,,,
IM,Transaction Processing,3,Assessment,4,0,,,,,,,,,,,,,,,,,,,,,,,,,,,,,,
IM,Transaction Processing,3,Assessment,5,0,,,,,,,,,,,,,,,,,,,,,,,,,,,,,,
IM,Transaction Processing,3,Assessment,6,0,,,,,,,,,,,,,,,,,,,,,,,,,,,,,,
IM,Transaction Processing,3,Assessment,7,0,,,,,,,,,,,,,,,,,,,,,,,,,,,,,,
,,,,,,,,,,,,,,,,,,,,,,,,,,,,,,,,,,,
IM,Distributed Databases,0,0,,,,,,,,,,,,,,,,,,,,,,,,,,,,,,,,
IM,Distributed Databases,3,Familiarity,1,0,,,,,,,,,,,,,,,,,,,,,,,,,,,,,,
IM,Distributed Databases,3,Assessment,2,0,,,,,,,,,,,,,,,,,,,,,,,,,,,,,,
IM,Distributed Databases,3,Familiarity,3,0,,,,,,,,,,,,,,,,,,,,,,,,,,,,,,
IM,Distributed Databases,3,Familiarity,4,0,,,,,,,,,,,,,,,,,,,,,,,,,,,,,,
IM,Distributed Databases,3,Familiarity,5,0,,,,,,,,,,,,,,,,,,,,,,,,,,,,,,
,,,,,,,,,,,,,,,,,,,,,,,,,,,,,,,,,,,
IM,Physical Database Design,0,0,,,,,,,,,,,,,,,,,,,,,,,,,,,,,,,,
IM,Physical Database Design,3,Familiarity,1,0,,,,,,,,,,,,,,,,,,,,,,,,,,,,,,
IM,Physical Database Design,3,Familiarity,2,0,,,,,,,,,,,,,,,,,,,,,,,,,,,,,,
IM,Physical Database Design,3,Assessment,3,0,,,,,,,,,,,,,,,,,,,,,,,,,,,,,,
IM,Physical Database Design,3,Usage,4,0,,,,,,,,,,,,,,,,,,,,,,,,,,,,,,
IM,Physical Database Design,3,Familiarity,5,0,,,,,,,,,,,,,,,,,,,,,,,,,,,,,,
IM,Physical Database Design,3,Usage,6,0,,,,,,,,,,,,,,,,,,,,,,,,,,,,,,
IM,Physical Database Design,3,Familiarity,7,0,,,,,,,,,,,,,,,,,,,,,,,,,,,,,,
IM,Physical Database Design,3,Assessment,8,0,,,,,,,,,,,,,,,,,,,,,,,,,,,,,,
IM,Physical Database Design,3,Familiarity,9,0,,,,,,,,,,,,,,,,,,,,,,,,,,,,,,
,,,,,,,,,,,,,,,,,,,,,,,,,,,,,,,,,,,
IM,Data Mining,0,0,,,,,,,,,,,,,,,,,,,,,,,,,,,,,,,,
IM,Data Mining,3,Assessment,1,0,,,,,,,,,,,,,,,,,,,,,,,,,,,,,,
IM,Data Mining,3,Familiarity,2,0,,,,,,,,,,,,,,,,,,,,,,,,,,,,,,
IM,Data Mining,3,Assessment,3,0,,,,,,,,,,,,,,,,,,,,,,,,,,,,,,
IM,Data Mining,3,Familiarity,4,0,,,,,,,,,,,,,,,,,,,,,,,,,,,,,,
IM,Data Mining,3,Assessment,5,0,,,,,,,,,,,,,,,,,,,,,,,,,,,,,,
IM,Data Mining,3,Assessment,6,0,,,,,,,,,,,,,,,,,,,,,,,,,,,,,,
IM,Data Mining,3,Familiarity,7,0,,,,,,,,,,,,,,,,,,,,,,,,,,,,,,
IM,Data Mining,3,Familiarity,8,0,,,,,,,,,,,,,,,,,,,,,,,,,,,,,,
,,,,,,,,,,,,,,,,,,,,,,,,,,,,,,,,,,,
IM,Information Storage and Retrieval,0,0,,,,,,,,,,,,,,,,,,,,,,,,,,,,,,,,
IM,Information Storage and Retrieval,3,Familiarity,1,0,,,,,,,,,,,,,,,,,,,,,,,,,,,,,,
IM,Information Storage and Retrieval,3,Familiarity,2,0,,,,,,,,,,,,,,,,,,,,,,,,,,,,,,
IM,Information Storage and Retrieval,3,Assessment,3,0,,,,,,,,,,,,,,,,,,,,,,,,,,,,,,
IM,Information Storage and Retrieval,3,Usage,4,0,,,,,,,,,,,,,,,,,,,,,,,,,,,,,,
IM,Information Storage and Retrieval,3,Familiarity,5,0,,,,,,,,,,,,,,,,,,,,,,,,,,,,,,
,,,,,,,,,,,,,,,,,,,,,,,,,,,,,,,,,,,
IM,Multimedia Systems,0,0,,,,,,,,,,,,,,,,,,,,,,,,,,,,,,,,
IM,Multimedia Systems,3,Familiarity,1,0,,,,,,,,,,,,,,,,,,,,,,,,,,,,,,
IM,Multimedia Systems,3,Usage,2,0,,,,,,,,,,,,,,,,,,,,,,,,,,,,,,
IM,Multimedia Systems,3,Assessment,3,0,,,,,,,,,,,,,,,,,,,,,,,,,,,,,,
IM,Multimedia Systems,3,Usage,4,0,,,,,,,,,,,,,,,,,,,,,,,,,,,,,,
IM,Multimedia Systems,3,Familiarity,5,0,,,,,,,,,,,,,,,,,,,,,,,,,,,,,,
IM,Multimedia Systems,3,Familiarity,6,0,,,,,,,,,,,,,,,,,,,,,,,,,,,,,,
,,,,,,,,,,,,,,,,,,,,,,,,,,,,,,,,,,,
IS,Fundamental Issues,0,1,,,,,,,,,,,,,,,,,,,,,,,,,,,,,,,,
IS,Fundamental Issues,2,Familiarity,1,0,,,,,,,,,,,,,,,,,,,,,,,,,,,,,,
IS,Fundamental Issues,2,Familiarity,2,0,,,,,,,,,,,,,,,,,,,,,,,,,,,,,,
IS,Fundamental Issues,2,Assessment,3,0,,,,,,,,,,,,,,,,,,,,,,,,,,,,,,
,,,,,,,,,,,,,,,,,,,,,,,,,,,,,,,,,,,
IS,Basic Search Strategies,0,4,,,,,,,,,,,,,,,,,,,,,,,,,,,,,,,,
IS,Basic Search Strategies,2,Usage,1,0,,,,,,,,,,,,,,,,,,,,,,,,,,,,,,
IS,Basic Search Strategies,2,Familiarity,2,0,,,,,,,,,,,,,,,,,,,,,,,,,,,,,,
IS,Basic Search Strategies,2,Familiarity,3,0,,,,,,,,,,,,,,,,,,,,,,,,,,,,,,
IS,Basic Search Strategies,2,Usage,4,0,,,,,,,,,,,,,,,,,,,,,,,,,,,,,,
IS,Basic Search Strategies,2,Usage,5,0,,,,,,,,,,,,,,,,,,,,,,,,,,,,,,
IS,Basic Search Strategies,2,Assessment,6,0,,,,,,,,,,,,,,,,,,,,,,,,,,,,,,
IS,Basic Search Strategies,2,Usage,7,0,,,,,,,,,,,,,,,,,,,,,,,,,,,,,,
IS,Basic Search Strategies,2,Familiarity,8,0,,,,,,,,,,,,,,,,,,,,,,,,,,,,,,
,,,,,,,,,,,,,,,,,,,,,,,,,,,,,,,,,,,
IS,Basic Knowledge Representation and Reasoning,0,3,,,,,,,,,,,,,,,,,,,,,,,,,,,,,,,,
IS,Basic Knowledge Representation and Reasoning,2,Usage,1,0,,,,,,,,,,,,,,,,,,,,,,,,,,,,,,
IS,Basic Knowledge Representation and Reasoning,2,Usage,2,0,,,,,,,,,,,,,,,,,,,,,,,,,,,,,,
IS,Basic Knowledge Representation and Reasoning,2,Usage,3,0,,,,,,,,,,,,,,,,,,,,,,,,,,,,,,
IS,Basic Knowledge Representation and Reasoning,2,Usage,4,0,,,,,,,,,,,,,,,,,,,,,,,,,,,,,,
,,,,,,,,,,,,,,,,,,,,,,,,,,,,,,,,,,,
IS,Basic Machine Learning,0,2,,,,,,,,,,,,,,,,,,,,,,,,,,,,,,,,
IS,Basic Machine Learning,2,Familiarity,1,0,,,,,,,,,,,,,,,,,,,,,,,,,,,,,,
IS,Basic Machine Learning,2,Familiarity,2,0,,,,,,,,,,,,,,,,,,,,,,,,,,,,,,
IS,Basic Machine Learning,2,Familiarity,3,0,,,,,,,,,,,,,,,,,,,,,,,,,,,,,,
IS,Basic Machine Learning,2,Familiarity,4,0,,,,,,,,,,,,,,,,,,,,,,,,,,,,,,
IS,Basic Machine Learning,2,Usage,5,0,,,,,,,,,,,,,,,,,,,,,,,,,,,,,,
,,,,,,,,,,,,,,,,,,,,,,,,,,,,,,,,,,,
IS,Advanced Search,0,0,,,,,,,,,,,,,,,,,,,,,,,,,,,,,,,,
IS,Advanced Search,3,Usage,1,0,,,,,,,,,,,,,,,,,,,,,,,,,,,,,,
IS,Advanced Search,3,Usage,2,0,,,,,,,,,,,,,,,,,,,,,,,,,,,,,,
IS,Advanced Search,3,Usage,3,0,,,,,,,,,,,,,,,,,,,,,,,,,,,,,,
IS,Advanced Search,3,Usage,4,0,,,,,,,,,,,,,,,,,,,,,,,,,,,,,,
IS,Advanced Search,3,Assessment,5,0,,,,,,,,,,,,,,,,,,,,,,,,,,,,,,
IS,Advanced Search,3,Assessment,6,0,,,,,,,,,,,,,,,,,,,,,,,,,,,,,,
,,,,,,,,,,,,,,,,,,,,,,,,,,,,,,,,,,,
IS,Advanced Represenation and Reasoning,0,0,,,,,,,,,,,,,,,,,,,,,,,,,,,,,,,,
IS,Advanced Represenation and Reasoning,3,Assessment,1,0,,,,,,,,,,,,,,,,,,,,,,,,,,,,,,
IS,Advanced Represenation and Reasoning,3,Familiarity,2,0,,,,,,,,,,,,,,,,,,,,,,,,,,,,,,
IS,Advanced Represenation and Reasoning,3,Assessment,3,0,,,,,,,,,,,,,,,,,,,,,,,,,,,,,,
IS,Advanced Represenation and Reasoning,3,Assessment,4,0,,,,,,,,,,,,,,,,,,,,,,,,,,,,,,
IS,Advanced Represenation and Reasoning,3,Usage,5,0,,,,,,,,,,,,,,,,,,,,,,,,,,,,,,
IS,Advanced Represenation and Reasoning,3,Familiarity,6,0,,,,,,,,,,,,,,,,,,,,,,,,,,,,,,
IS,Advanced Represenation and Reasoning,3,Familiarity,7,0,,,,,,,,,,,,,,,,,,,,,,,,,,,,,,
IS,Advanced Represenation and Reasoning,3,Familiarity,8,0,,,,,,,,,,,,,,,,,,,,,,,,,,,,,,
IS,Advanced Represenation and Reasoning,3,Familiarity,9,0,,,,,,,,,,,,,,,,,,,,,,,,,,,,,,
IS,Advanced Represenation and Reasoning,3,Familiarity,10,0,,,,,,,,,,,,,,,,,,,,,,,,,,,,,,
,,,,,,,,,,,,,,,,,,,,,,,,,,,,,,,,,,,
IS,Reasoning Under Uncertainty,0,0,,,,,,,,,,,,,,,,,,,,,,,,,,,,,,,,
IS,Reasoning Under Uncertainty,3,Usage,1,0,,,,,,,,,,,,,,,,,,,,,,,,,,,,,,
IS,Reasoning Under Uncertainty,3,Assessment,2,0,,,,,,,,,,,,,,,,,,,,,,,,,,,,,,
IS,Reasoning Under Uncertainty,3,Familiarity,3,0,,,,,,,,,,,,,,,,,,,,,,,,,,,,,,
IS,Reasoning Under Uncertainty,3,Familiarity,4,0,,,,,,,,,,,,,,,,,,,,,,,,,,,,,,
IS,Reasoning Under Uncertainty,3,Usage,5,0,,,,,,,,,,,,,,,,,,,,,,,,,,,,,,
IS,Reasoning Under Uncertainty,3,Familiarity,6,0,,,,,,,,,,,,,,,,,,,,,,,,,,,,,,
IS,Reasoning Under Uncertainty,3,Usage,7,0,,,,,,,,,,,,,,,,,,,,,,,,,,,,,,
IS,Reasoning Under Uncertainty,3,Familiarity,8,0,,,,,,,,,,,,,,,,,,,,,,,,,,,,,,
IS,Reasoning Under Uncertainty,3,Assessment,9,0,,,,,,,,,,,,,,,,,,,,,,,,,,,,,,
,,,,,,,,,,,,,,,,,,,,,,,,,,,,,,,,,,,
IS,Agents,0,0,,,,,,,,,,,,,,,,,,,,,,,,,,,,,,,,
IS,Agents,3,Familiarity,1,0,,,,,,,,,,,,,,,,,,,,,,,,,,,,,,
IS,Agents,3,Assessment,2,0,,,,,,,,,,,,,,,,,,,,,,,,,,,,,,
IS,Agents,3,Familiarity,3,0,,,,,,,,,,,,,,,,,,,,,,,,,,,,,,
IS,Agents,3,Familiarity,4,0,,,,,,,,,,,,,,,,,,,,,,,,,,,,,,
IS,Agents,3,Usage,5,0,,,,,,,,,,,,,,,,,,,,,,,,,,,,,,
,,,,,,,,,,,,,,,,,,,,,,,,,,,,,,,,,,,
IS,Natural Language Processing,0,0,,,,,,,,,,,,,,,,,,,,,,,,,,,,,,,,
IS,Natural Language Processing,3,Assessment,1,0,,,,,,,,,,,,,,,,,,,,,,,,,,,,,,
IS,Natural Language Processing,3,Usage,2,0,,,,,,,,,,,,,,,,,,,,,,,,,,,,,,
IS,Natural Language Processing,3,Familiarity,3,0,,,,,,,,,,,,,,,,,,,,,,,,,,,,,,
IS,Natural Language Processing,3,Familiarity,4,0,,,,,,,,,,,,,,,,,,,,,,,,,,,,,,
IS,Natural Language Processing,3,Familiarity,5,0,,,,,,,,,,,,,,,,,,,,,,,,,,,,,,
,,,,,,,,,,,,,,,,,,,,,,,,,,,,,,,,,,,
IS,Advanced Machine Learning,0,0,,,,,,,,,,,,,,,,,,,,,,,,,,,,,,,,
IS,Advanced Machine Learning,3,Familiarity,1,0,,,,,,,,,,,,,,,,,,,,,,,,,,,,,,
IS,Advanced Machine Learning,3,Usage,2,0,,,,,,,,,,,,,,,,,,,,,,,,,,,,,,
IS,Advanced Machine Learning,3,Usage,3,0,,,,,,,,,,,,,,,,,,,,,,,,,,,,,,
IS,Advanced Machine Learning,3,Assessment,4,0,,,,,,,,,,,,,,,,,,,,,,,,,,,,,,
IS,Advanced Machine Learning,3,Assessment,5,0,,,,,,,,,,,,,,,,,,,,,,,,,,,,,,
IS,Advanced Machine Learning,3,Familiarity,6,0,,,,,,,,,,,,,,,,,,,,,,,,,,,,,,
IS,Advanced Machine Learning,3,Usage,7,0,,,,,,,,,,,,,,,,,,,,,,,,,,,,,,
,,,,,,,,,,,,,,,,,,,,,,,,,,,,,,,,,,,
IS,Robotics,0,0,,,,,,,,,,,,,,,,,,,,,,,,,,,,,,,,
IS,Robotics,3,Familiarity,1,0,,,,,,,,,,,,,,,,,,,,,,,,,,,,,,
IS,Robotics,3,Usage,2,0,,,,,,,,,,,,,,,,,,,,,,,,,,,,,,
IS,Robotics,3,Usage,3,0,,,,,,,,,,,,,,,,,,,,,,,,,,,,,,
IS,Robotics,3,Usage,4,0,,,,,,,,,,,,,,,,,,,,,,,,,,,,,,
IS,Robotics,3,Familiarity,5,0,,,,,,,,,,,,,,,,,,,,,,,,,,,,,,
IS,Robotics,3,Familiarity,6,0,,,,,,,,,,,,,,,,,,,,,,,,,,,,,,
IS,Robotics,3,Assessment,7,0,,,,,,,,,,,,,,,,,,,,,,,,,,,,,,
IS,Robotics,3,Familiarity,8,0,,,,,,,,,,,,,,,,,,,,,,,,,,,,,,
,,,,,,,,,,,,,,,,,,,,,,,,,,,,,,,,,,,
IS,Perception and Computer Vision,0,0,,,,,,,,,,,,,,,,,,,,,,,,,,,,,,,,
IS,Perception and Computer Vision,3,Familiarity,1,0,,,,,,,,,,,,,,,,,,,,,,,,,,,,,,
IS,Perception and Computer Vision,3,Familiarity,2,0,,,,,,,,,,,,,,,,,,,,,,,,,,,,,,
IS,Perception and Computer Vision,3,Usage,3,0,,,,,,,,,,,,,,,,,,,,,,,,,,,,,,
IS,Perception and Computer Vision,3,Familiarity,4,0,,,,,,,,,,,,,,,,,,,,,,,,,,,,,,
IS,Perception and Computer Vision,3,Familiarity,5,0,,,,,,,,,,,,,,,,,,,,,,,,,,,,,,
IS,Perception and Computer Vision,3,Usage,6,0,,,,,,,,,,,,,,,,,,,,,,,,,,,,,,
IS,Perception and Computer Vision,3,Usage,7,0,,,,,,,,,,,,,,,,,,,,,,,,,,,,,,
IS,Perception and Computer Vision,3,Usage,8,0,,,,,,,,,,,,,,,,,,,,,,,,,,,,,,
IS,Perception and Computer Vision,3,Assessment,9,0,,,,,,,,,,,,,,,,,,,,,,,,,,,,,,
IS,Perception and Computer Vision,3,Familiarity,10,0,,,,,,,,,,,,,,,,,,,,,,,,,,,,,,
,,,,,,,,,,,,,,,,,,,,,,,,,,,,,,,,,,,
NC,Introduction,1.5,0,,,,,,,,,,,,,,,,,,,,,,,,,,,,,,,,
NC,Introduction,1,Familiarity,1,0,,,,,,,,,,,,,,,,,,,,,,,,,,,,,,
NC,Introduction,1,Familiarity,2,0,,,,,,,,,,,,,,,,,,,,,,,,,,,,,,
NC,Introduction,1,Familiarity,3,0,,,,,,,,,,,,,,,,,,,,,,,,,,,,,,
NC,Introduction,1,Familiarity,4,0,,,,,,,,,,,,,,,,,,,,,,,,,,,,,,
,,,,,,,,,,,,,,,,,,,,,,,,,,,,,,,,,,,
NC,Networked Applications,1.5,0,,,,,,,,,,,,,,,,,,,,,,,,,,,,,,,,
NC,Networked Applications,1,Familiarity,1,0,,,,,,,,,,,,,,,,,,,,,,,,,,,,,,
NC,Networked Applications,1,Familiarity,2,0,,,,,,,,,,,,,,,,,,,,,,,,,,,,,,
NC,Networked Applications,1,Usage,3,0,,,,,,,,,,,,,,,,,,,,,,,,,,,,,,
,,,,,,,,,,,,,,,,,,,,,,,,,,,,,,,,,,,
NC,Reliable Data Delivery,0,2,,,,,,,,,,,,,,,,,,,,,,,,,,,,,,,,
NC,Reliable Data Delivery,2,Familiarity,1,0,,,,,,,,,,,,,,,,,,,,,,,,,,,,,,
NC,Reliable Data Delivery,2,Familiarity,2,0,,,,,,,,,,,,,,,,,,,,,,,,,,,,,,
NC,Reliable Data Delivery,2,Usage,3,0,,,,,,,,,,,,,,,,,,,,,,,,,,,,,,
,,,,,,,,,,,,,,,,,,,,,,,,,,,,,,,,,,,
NC,Routing and Forwarding,0,1.5,,,,,,,,,,,,,,,,,,,,,,,,,,,,,,,,
NC,Routing and Forwarding,2,Familiarity,1,0,,,,,,,,,,,,,,,,,,,,,,,,,,,,,,
NC,Routing and Forwarding,2,Familiarity,2,0,,,,,,,,,,,,,,,,,,,,,,,,,,,,,,
NC,Routing and Forwarding,2,Familiarity,3,0,,,,,,,,,,,,,,,,,,,,,,,,,,,,,,
,,,,,,,,,,,,,,,,,,,,,,,,,,,,,,,,,,,
NC,Local Area Networks,0,1.5,,,,,,,,,,,,,,,,,,,,,,,,,,,,,,,,
NC,Local Area Networks,2,Familiarity,1,0,,,,,,,,,,,,,,,,,,,,,,,,,,,,,,
NC,Local Area Networks,2,Familiarity,2,0,,,,,,,,,,,,,,,,,,,,,,,,,,,,,,
NC,Local Area Networks,2,Familiarity,3,0,,,,,,,,,,,,,,,,,,,,,,,,,,,,,,
NC,Local Area Networks,2,Familiarity,4,0,,,,,,,,,,,,,,,,,,,,,,,,,,,,,,
,,,,,,,,,,,,,,,,,,,,,,,,,,,,,,,,,,,
NC,Resource Allocation,0,1,,,,,,,,,,,,,,,,,,,,,,,,,,,,,,,,
NC,Resource Allocation,2,Familiarity,1,0,,,,,,,,,,,,,,,,,,,,,,,,,,,,,,
NC,Resource Allocation,2,Familiarity,2,0,,,,,,,,,,,,,,,,,,,,,,,,,,,,,,
NC,Resource Allocation,2,Assessment,3,0,,,,,,,,,,,,,,,,,,,,,,,,,,,,,,
NC,Resource Allocation,2,Assessment,4,0,,,,,,,,,,,,,,,,,,,,,,,,,,,,,,
,,,,,,,,,,,,,,,,,,,,,,,,,,,,,,,,,,,
NC,Mobility,0,1,,,,,,,,,,,,,,,,,,,,,,,,,,,,,,,,
NC,Mobility,2,Familiarity,1,0,,,,,,,,,,,,,,,,,,,,,,,,,,,,,,
NC,Mobility,2,Familiarity,2,0,,,,,,,,,,,,,,,,,,,,,,,,,,,,,,
,,,,,,,,,,,,,,,,,,,,,,,,,,,,,,,,,,,
NC,Social Networking,0,0,,,,,,,,,,,,,,,,,,,,,,,,,,,,,,,,
NC,Social Networking,3,Familiarity,1,0,,,,,,,,,,,,,,,,,,,,,,,,,,,,,,
NC,Social Networking,3,Familiarity,2,0,,,,,,,,,,,,,,,,,,,,,,,,,,,,,,
NC,Social Networking,3,Usage,3,0,,,,,,,,,,,,,,,,,,,,,,,,,,,,,,
NC,Social Networking,3,Usage,4,0,,,,,,,,,,,,,,,,,,,,,,,,,,,,,,
NC,Social Networking,3,Assessment,5,0,,,,,,,,,,,,,,,,,,,,,,,,,,,,,,
,,,,,,,,,,,,,,,,,,,,,,,,,,,,,,,,,,,
OS,Overview of Operating Systems,2,0,,,,,,,,,,,,,,,,,,,,,,,,,,,,,,,,
OS,Overview of Operating Systems,1,Familiarity,1,0,,,,,,,,,,,,,,,,,,,,,,,,,,,,,,
OS,Overview of Operating Systems,1,Usage,2,0,,,,,,,,,,,,,,,,,,,,,,,,,,,,,,
OS,Overview of Operating Systems,1,Familiarity,3,0,,,,,,,,,,,,,,,,,,,,,,,,,,,,,,
OS,Overview of Operating Systems,1,Familiarity,4,0,,,,,,,,,,,,,,,,,,,,,,,,,,,,,,
OS,Overview of Operating Systems,1,Familiarity,5,0,,,,,,,,,,,,,,,,,,,,,,,,,,,,,,
,,,,,,,,,,,,,,,,,,,,,,,,,,,,,,,,,,,
OS,Operating System Principles,2,0,,,,,,,,,,,,,,,,,,,,,,,,,,,,,,,,
OS,Operating System Principles,1,Familiarity,1,0,,,,,,,,,,,,,,,,,,,,,,,,,,,,,,
OS,Operating System Principles,1,Familiarity,2,0,,,,,,,,,,,,,,,,,,,,,,,,,,,,,,
OS,Operating System Principles,1,Assessment,3,0,,,,,,,,,,,,,,,,,,,,,,,,,,,,,,
OS,Operating System Principles,1,Familiarity,4,0,,,,,,,,,,,,,,,,,,,,,,,,,,,,,,
OS,Operating System Principles,1,Usage,5,0,,,,,,,,,,,,,,,,,,,,,,,,,,,,,,
OS,Operating System Principles,1,Familiarity,6,0,,,,,,,,,,,,,,,,,,,,,,,,,,,,,,
OS,Operating System Principles,1,Familiarity,7,0,,,,,,,,,,,,,,,,,,,,,,,,,,,,,,
,,,,,,,,,,,,,,,,,,,,,,,,,,,,,,,,,,,
OS,Concurrency,0,3,,,,,,,,,,,,,,,,,,,,,,,,,,,,,,,,
OS,Concurrency,2,Familiarity,1,0,,,,,,,,,,,,,,,,,,,,,,,,,,,,,,
OS,Concurrency,2,Usage,2,0,,,,,,,,,,,,,,,,,,,,,,,,,,,,,,
OS,Concurrency,2,Familiarity,3,0,,,,,,,,,,,,,,,,,,,,,,,,,,,,,,
OS,Concurrency,2,Familiarity,4,0,,,,,,,,,,,,,,,,,,,,,,,,,,,,,,
OS,Concurrency,2,Familiarity,5,0,,,,,,,,,,,,,,,,,,,,,,,,,,,,,,
OS,Concurrency,2,Familiarity,6,0,,,,,,,,,,,,,,,,,,,,,,,,,,,,,,
OS,Concurrency,2,Usage,7,0,,,,,,,,,,,,,,,,,,,,,,,,,,,,,,
,,,,,,,,,,,,,,,,,,,,,,,,,,,,,,,,,,,
OS,Scheduling and Dispatch,0,3,,,,,,,,,,,,,,,,,,,,,,,,,,,,,,,,
OS,Scheduling and Dispatch,2,Usage,1,0,,,,,,,,,,,,,,,,,,,,,,,,,,,,,,
OS,Scheduling and Dispatch,2,Familiarity,2,0,,,,,,,,,,,,,,,,,,,,,,,,,,,,,,
OS,Scheduling and Dispatch,2,Familiarity,3,0,,,,,,,,,,,,,,,,,,,,,,,,,,,,,,
OS,Scheduling and Dispatch,2,Usage,4,0,,,,,,,,,,,,,,,,,,,,,,,,,,,,,,
OS,Scheduling and Dispatch,2,Usage,5,0,,,,,,,,,,,,,,,,,,,,,,,,,,,,,,
OS,Scheduling and Dispatch,2,Familiarity,6,0,,,,,,,,,,,,,,,,,,,,,,,,,,,,,,
OS,Scheduling and Dispatch,2,Usage,7,0,,,,,,,,,,,,,,,,,,,,,,,,,,,,,,
,,,,,,,,,,,,,,,,,,,,,,,,,,,,,,,,,,,
OS,Memory Management,0,3,,,,,,,,,,,,,,,,,,,,,,,,,,,,,,,,
OS,Memory Management,2,Familiarity,1,0,,,,,,,,,,,,,,,,,,,,,,,,,,,,,,
OS,Memory Management,2,Familiarity,2,0,,,,,,,,,,,,,,,,,,,,,,,,,,,,,,
OS,Memory Management,2,Assessment,3,0,,,,,,,,,,,,,,,,,,,,,,,,,,,,,,
OS,Memory Management,2,Assessment,4,0,,,,,,,,,,,,,,,,,,,,,,,,,,,,,,
OS,Memory Management,2,Familiarity,5,0,,,,,,,,,,,,,,,,,,,,,,,,,,,,,,
OS,Memory Management,2,Familiarity,6,0,,,,,,,,,,,,,,,,,,,,,,,,,,,,,,
,,,,,,,,,,,,,,,,,,,,,,,,,,,,,,,,,,,
OS,Security and Protection,0,2,,,,,,,,,,,,,,,,,,,,,,,,,,,,,,,,
OS,Security and Protection,2,Assessment,1,0,,,,,,,,,,,,,,,,,,,,,,,,,,,,,,
OS,Security and Protection,2,Familiarity,2,0,,,,,,,,,,,,,,,,,,,,,,,,,,,,,,
OS,Security and Protection,2,Familiarity,3,0,,,,,,,,,,,,,,,,,,,,,,,,,,,,,,
OS,Security and Protection,2,Usage,4,0,,,,,,,,,,,,,,,,,,,,,,,,,,,,,,
,,,,,,,,,,,,,,,,,,,,,,,,,,,,,,,,,,,
OS,Virtual Machines,0,0,,,,,,,,,,,,,,,,,,,,,,,,,,,,,,,,
OS,Virtual Machines,3,Familiarity,1,0,,,,,,,,,,,,,,,,,,,,,,,,,,,,,,
OS,Virtual Machines,3,Familiarity,2,0,,,,,,,,,,,,,,,,,,,,,,,,,,,,,,
OS,Virtual Machines,3,Assessment,3,0,,,,,,,,,,,,,,,,,,,,,,,,,,,,,,
OS,Virtual Machines,3,Usage,4,0,,,,,,,,,,,,,,,,,,,,,,,,,,,,,,
,,,,,,,,,,,,,,,,,,,,,,,,,,,,,,,,,,,
OS,Device Management,0,0,,,,,,,,,,,,,,,,,,,,,,,,,,,,,,,,
OS,Device Management,3,Familiarity,1,0,,,,,,,,,,,,,,,,,,,,,,,,,,,,,,
OS,Device Management,3,Usage,2,0,,,,,,,,,,,,,,,,,,,,,,,,,,,,,,
OS,Device Management,3,Familiarity,3,0,,,,,,,,,,,,,,,,,,,,,,,,,,,,,,
OS,Device Management,3,Usage,4,0,,,,,,,,,,,,,,,,,,,,,,,,,,,,,,
OS,Device Management,3,Usage,5,0,,,,,,,,,,,,,,,,,,,,,,,,,,,,,,
OS,Device Management,3,Familiarity,6,0,,,,,,,,,,,,,,,,,,,,,,,,,,,,,,
OS,Device Management,3,Usage,7,0,,,,,,,,,,,,,,,,,,,,,,,,,,,,,,
,,,,,,,,,,,,,,,,,,,,,,,,,,,,,,,,,,,
OS,File Systems,0,0,,,,,,,,,,,,,,,,,,,,,,,,,,,,,,,,
OS,File Systems,3,Familiarity,1,0,,,,,,,,,,,,,,,,,,,,,,,,,,,,,,
OS,File Systems,3,Usage,2,0,,,,,,,,,,,,,,,,,,,,,,,,,,,,,,
OS,File Systems,3,Familiarity,3,0,,,,,,,,,,,,,,,,,,,,,,,,,,,,,,
OS,File Systems,3,Familiarity,4,0,,,,,,,,,,,,,,,,,,,,,,,,,,,,,,
,,,,,,,,,,,,,,,,,,,,,,,,,,,,,,,,,,,
OS,Real Time and Embedded Systems,0,0,,,,,,,,,,,,,,,,,,,,,,,,,,,,,,,,
OS,Real Time and Embedded Systems,3,Familiarity,1,0,,,,,,,,,,,,,,,,,,,,,,,,,,,,,,
OS,Real Time and Embedded Systems,3,Familiarity,2,0,,,,,,,,,,,,,,,,,,,,,,,,,,,,,,
OS,Real Time and Embedded Systems,3,Familiarity,3,0,,,,,,,,,,,,,,,,,,,,,,,,,,,,,,
,,,,,,,,,,,,,,,,,,,,,,,,,,,,,,,,,,,
OS,Fault Tolerance,0,0,,,,,,,,,,,,,,,,,,,,,,,,,,,,,,,,
OS,Fault Tolerance,3,Familiarity,1,0,,,,,,,,,,,,,,,,,,,,,,,,,,,,,,
OS,Fault Tolerance,3,Familiarity,2,0,,,,,,,,,,,,,,,,,,,,,,,,,,,,,,
OS,Fault Tolerance,3,Familiarity,3,0,,,,,,,,,,,,,,,,,,,,,,,,,,,,,,
,,,,,,,,,,,,,,,,,,,,,,,,,,,,,,,,,,,
OS,System Performance Evaluation,0,0,,,,,,,,,,,,,,,,,,,,,,,,,,,,,,,,
OS,System Performance Evaluation,3,Familiarity,1,0,,,,,,,,,,,,,,,,,,,,,,,,,,,,,,
OS,System Performance Evaluation,3,Familiarity,2,0,,,,,,,,,,,,,,,,,,,,,,,,,,,,,,
,,,,,,,,,,,,,,,,,,,,,,,,,,,,,,,,,,,
PBD,Introduction,0,0,,,,,,,,,,,,,,,,,,,,,,,,,,,,,,,,
PBD,Introduction,3,Familiarity,1,0,,,,,,,,,,,,,,,,,,,,,,,,,,,,,,
PBD,Introduction,3,Familiarity,2,0,,,,,,,,,,,,,,,,,,,,,,,,,,,,,,
PBD,Introduction,3,Usage,3,0,,,,,,,,,,,,,,,,,,,,,,,,,,,,,,
PBD,Introduction,3,Familiarity,4,0,,,,,,,,,,,,,,,,,,,,,,,,,,,,,,
,,,,,,,,,,,,,,,,,,,,,,,,,,,,,,,,,,,
PBD,Web Platforms,0,0,,,,,,,,,,,,,,,,,,,,,,,,,,,,,,,,
PBD,Web Platforms,3,Usage,1,0,,,,,,,,,,,,,,,,,,,,,,,,,,,,,,
PBD,Web Platforms,3,Familiarity,2,0,,,,,,,,,,,,,,,,,,,,,,,,,,,,,,
PBD,Web Platforms,3,Assessment,3,0,,,,,,,,,,,,,,,,,,,,,,,,,,,,,,
PBD,Web Platforms,3,Familiarity,4,0,,,,,,,,,,,,,,,,,,,,,,,,,,,,,,
PBD,Web Platforms,3,Familiarity,5,0,,,,,,,,,,,,,,,,,,,,,,,,,,,,,,
PBD,Web Platforms,3,Assessment,6,0,,,,,,,,,,,,,,,,,,,,,,,,,,,,,,
,,,,,,,,,,,,,,,,,,,,,,,,,,,,,,,,,,,
PBD,Mobile Platforms,0,0,,,,,,,,,,,,,,,,,,,,,,,,,,,,,,,,
PBD,Mobile Platforms,3,Usage,1,0,,,,,,,,,,,,,,,,,,,,,,,,,,,,,,
PBD,Mobile Platforms,3,Familiarity,2,0,,,,,,,,,,,,,,,,,,,,,,,,,,,,,,
PBD,Mobile Platforms,3,Familiarity,3,0,,,,,,,,,,,,,,,,,,,,,,,,,,,,,,
PBD,Mobile Platforms,3,Assessment,4,0,,,,,,,,,,,,,,,,,,,,,,,,,,,,,,
,,,,,,,,,,,,,,,,,,,,,,,,,,,,,,,,,,,
PBD,Industrial Platforms,0,0,,,,,,,,,,,,,,,,,,,,,,,,,,,,,,,,
PBD,Industrial Platforms,3,Usage,1,0,,,,,,,,,,,,,,,,,,,,,,,,,,,,,,
PBD,Industrial Platforms,3,Assessment,2,0,,,,,,,,,,,,,,,,,,,,,,,,,,,,,,
PBD,Industrial Platforms,3,Familiarity,3,0,,,,,,,,,,,,,,,,,,,,,,,,,,,,,,
,,,,,,,,,,,,,,,,,,,,,,,,,,,,,,,,,,,
PBD,Game Platforms,0,0,,,,,,,,,,,,,,,,,,,,,,,,,,,,,,,,
PBD,Game Platforms,3,Usage,1,0,,,,,,,,,,,,,,,,,,,,,,,,,,,,,,
PBD,Game Platforms,3,Familiarity,2,0,,,,,,,,,,,,,,,,,,,,,,,,,,,,,,
PBD,Game Platforms,3,Assessment,3,0,,,,,,,,,,,,,,,,,,,,,,,,,,,,,,
,,,,,,,,,,,,,,,,,,,,,,,,,,,,,,,,,,,
PD,Parallelism Fundamentals,2,0,,,,,,,,,,,,,,,,,,,,,,,,,,,,,,,,
PD,Parallelism Fundamentals,1,Familiarity,1,0,,,,,,,,,,,,,,,,,,,,,,,,,,,,,,
PD,Parallelism Fundamentals,1,Familiarity,2,0,,,,,,,,,,,,,,,,,,,,,,,,,,,,,,
PD,Parallelism Fundamentals,1,Familiarity,3,0,,,,,,,,,,,,,,,,,,,,,,,,,,,,,,
,,,,,,,,,,,,,,,,,,,,,,,,,,,,,,,,,,,
PD,Parallel Decomposition,1,2,,,,,,,,,,,,,,,,,,,,,,,,,,,,,,,,
PD,Parallel Decomposition,1,Usage,1,0,,,,,,,,,,,,,,,,,,,,,,,,,,,,,,
PD,Parallel Decomposition,2,Familiarity,2,0,,,,,,,,,,,,,,,,,,,,,,,,,,,,,,
PD,Parallel Decomposition,2,Usage,3,0,,,,,,,,,,,,,,,,,,,,,,,,,,,,,,
PD,Parallel Decomposition,2,Usage,4,0,,,,,,,,,,,,,,,,,,,,,,,,,,,,,,
PD,Parallel Decomposition,2,Usage,5,0,,,,,,,,,,,,,,,,,,,,,,,,,,,,,,
PD,Parallel Decomposition,2,Usage,6,0,,,,,,,,,,,,,,,,,,,,,,,,,,,,,,
,,,,,,,,,,,,,,,,,,,,,,,,,,,,,,,,,,,
PD,Communication and Coordination,1,3,,,,,,,,,,,,,,,,,,,,,,,,,,,,,,,,
PD,Communication and Coordination,1,Usage,1,0,,,,,,,,,,,,,,,,,,,,,,,,,,,,,,
PD,Communication and Coordination,2,Familiarity,2,0,,,,,,,,,,,,,,,,,,,,,,,,,,,,,,
PD,Communication and Coordination,2,Usage,3,0,,,,,,,,,,,,,,,,,,,,,,,,,,,,,,
PD,Communication and Coordination,2,Familiarity,4,0,,,,,,,,,,,,,,,,,,,,,,,,,,,,,,
PD,Communication and Coordination,2,Usage,5,0,,,,,,,,,,,,,,,,,,,,,,,,,,,,,,
PD,Communication and Coordination,2,Usage,6,0,,,,,,,,,,,,,,,,,,,,,,,,,,,,,,
PD,Communication and Coordination,2,Familiarity,7,0,,,,,,,,,,,,,,,,,,,,,,,,,,,,,,
PD,Communication and Coordination,2,Usage,8,0,,,,,,,,,,,,,,,,,,,,,,,,,,,,,,
PD,Communication and Coordination,2,Familiarity,9,0,,,,,,,,,,,,,,,,,,,,,,,,,,,,,,
PD,Communication and Coordination,2,Familiarity,10,0,,,,,,,,,,,,,,,,,,,,,,,,,,,,,,
PD,Communication and Coordination,2,Familiarity,11,0,,,,,,,,,,,,,,,,,,,,,,,,,,,,,,
PD,Communication and Coordination,3,Usage,12,0,,,,,,,,,,,,,,,,,,,,,,,,,,,,,,
,,,,,,,,,,,,,,,,,,,,,,,,,,,,,,,,,,,
PD,"Parallel Algorithms, Analysis, and Programming",0,3,,,,,,,,,,,,,,,,,,,,,,,,,,,,,,,,
PD,"Parallel Algorithms, Analysis, and Programming",2,Familiarity,1,0,,,,,,,,,,,,,,,,,,,,,,,,,,,,,,
PD,"Parallel Algorithms, Analysis, and Programming",2,Usage,2,0,,,,,,,,,,,,,,,,,,,,,,,,,,,,,,
PD,"Parallel Algorithms, Analysis, and Programming",2,Familiarity,3,0,,,,,,,,,,,,,,,,,,,,,,,,,,,,,,
PD,"Parallel Algorithms, Analysis, and Programming",2,Usage,4,0,,,,,,,,,,,,,,,,,,,,,,,,,,,,,,
PD,"Parallel Algorithms, Analysis, and Programming",2,Familiarity,5,0,,,,,,,,,,,,,,,,,,,,,,,,,,,,,,
PD,"Parallel Algorithms, Analysis, and Programming",2,Usage,6,0,,,,,,,,,,,,,,,,,,,,,,,,,,,,,,
PD,"Parallel Algorithms, Analysis, and Programming",2,Usage,7,0,,,,,,,,,,,,,,,,,,,,,,,,,,,,,,
PD,"Parallel Algorithms, Analysis, and Programming",3,Familiarity,8,0,,,,,,,,,,,,,,,,,,,,,,,,,,,,,,
PD,"Parallel Algorithms, Analysis, and Programming",3,Familiarity,9,0,,,,,,,,,,,,,,,,,,,,,,,,,,,,,,
PD,"Parallel Algorithms, Analysis, and Programming",3,Usage,10,0,,,,,,,,,,,,,,,,,,,,,,,,,,,,,,
PD,"Parallel Algorithms, Analysis, and Programming",3,Familiarity,11,0,,,,,,,,,,,,,,,,,,,,,,,,,,,,,,
,,,,,,,,,,,,,,,,,,,,,,,,,,,,,,,,,,,
PD,Parallel Architecture,1,2,,,,,,,,,,,,,,,,,,,,,,,,,,,,,,,,
PD,Parallel Architecture,1,Familiarity,1,0,,,,,,,,,,,,,,,,,,,,,,,,,,,,,,
PD,Parallel Architecture,2,Familiarity,2,0,,,,,,,,,,,,,,,,,,,,,,,,,,,,,,
PD,Parallel Architecture,2,Familiarity,3,0,,,,,,,,,,,,,,,,,,,,,,,,,,,,,,
PD,Parallel Architecture,3,Familiarity,4,0,,,,,,,,,,,,,,,,,,,,,,,,,,,,,,
PD,Parallel Architecture,3,Familiarity,5,0,,,,,,,,,,,,,,,,,,,,,,,,,,,,,,
PD,Parallel Architecture,3,Familiarity,6,0,,,,,,,,,,,,,,,,,,,,,,,,,,,,,,
PD,Parallel Architecture,3,Familiarity,7,0,,,,,,,,,,,,,,,,,,,,,,,,,,,,,,
PD,Parallel Architecture,3,Familiarity,8,0,,,,,,,,,,,,,,,,,,,,,,,,,,,,,,
,,,,,,,,,,,,,,,,,,,,,,,,,,,,,,,,,,,
PD,Parallel Performance,0,0,,,,,,,,,,,,,,,,,,,,,,,,,,,,,,,,
PD,Parallel Performance,3,Usage,1,0,,,,,,,,,,,,,,,,,,,,,,,,,,,,,,
PD,Parallel Performance,3,Usage,2,0,,,,,,,,,,,,,,,,,,,,,,,,,,,,,,
PD,Parallel Performance,3,Familiarity,3,0,,,,,,,,,,,,,,,,,,,,,,,,,,,,,,
PD,Parallel Performance,3,Usage,4,0,,,,,,,,,,,,,,,,,,,,,,,,,,,,,,
PD,Parallel Performance,3,Familiarity,5,0,,,,,,,,,,,,,,,,,,,,,,,,,,,,,,
PD,Parallel Performance,3,Familiarity,6,0,,,,,,,,,,,,,,,,,,,,,,,,,,,,,,
PD,Parallel Performance,3,Familiarity,7,0,,,,,,,,,,,,,,,,,,,,,,,,,,,,,,
,,,,,,,,,,,,,,,,,,,,,,,,,,,,,,,,,,,
PD,Distributed Systems,0,0,,,,,,,,,,,,,,,,,,,,,,,,,,,,,,,,
PD,Distributed Systems,3,Familiarity,1,0,,,,,,,,,,,,,,,,,,,,,,,,,,,,,,
PD,Distributed Systems,3,Familiarity,2,0,,,,,,,,,,,,,,,,,,,,,,,,,,,,,,
PD,Distributed Systems,3,Usage,3,0,,,,,,,,,,,,,,,,,,,,,,,,,,,,,,
PD,Distributed Systems,3,Usage,4,0,,,,,,,,,,,,,,,,,,,,,,,,,,,,,,
PD,Distributed Systems,3,Familiarity,5,0,,,,,,,,,,,,,,,,,,,,,,,,,,,,,,
PD,Distributed Systems,3,Usage,6,0,,,,,,,,,,,,,,,,,,,,,,,,,,,,,,
PD,Distributed Systems,3,Familiarity,7,0,,,,,,,,,,,,,,,,,,,,,,,,,,,,,,
PD,Distributed Systems,3,Familiarity,8,0,,,,,,,,,,,,,,,,,,,,,,,,,,,,,,
PD,Distributed Systems,3,Usage,9,0,,,,,,,,,,,,,,,,,,,,,,,,,,,,,,
,,,,,,,,,,,,,,,,,,,,,,,,,,,,,,,,,,,
PD,Cloud Computing,0,0,,,,,,,,,,,,,,,,,,,,,,,,,,,,,,,,
PD,Cloud Computing,3,Familiarity,1,0,,,,,,,,,,,,,,,,,,,,,,,,,,,,,,
PD,Cloud Computing,3,Familiarity,2,0,,,,,,,,,,,,,,,,,,,,,,,,,,,,,,
PD,Cloud Computing,3,Familiarity,3,0,,,,,,,,,,,,,,,,,,,,,,,,,,,,,,
PD,Cloud Computing,3,Usage,4,0,,,,,,,,,,,,,,,,,,,,,,,,,,,,,,
PD,Cloud Computing,3,Usage,5,0,,,,,,,,,,,,,,,,,,,,,,,,,,,,,,
,,,,,,,,,,,,,,,,,,,,,,,,,,,,,,,,,,,
PD,Formal Models and Semantics,0,0,,,,,,,,,,,,,,,,,,,,,,,,,,,,,,,,
PD,Formal Models and Semantics,3,Usage,1,0,,,,,,,,,,,,,,,,,,,,,,,,,,,,,,
PD,Formal Models and Semantics,3,Familiarity,2,0,,,,,,,,,,,,,,,,,,,,,,,,,,,,,,
PD,Formal Models and Semantics,3,Usage,3,0,,,,,,,,,,,,,,,,,,,,,,,,,,,,,,
PD,Formal Models and Semantics,3,Usage,4,0,,,,,,,,,,,,,,,,,,,,,,,,,,,,,,
PD,Formal Models and Semantics,3,Usage,5,0,,,,,,,,,,,,,,,,,,,,,,,,,,,,,,
PD,Formal Models and Semantics,3,Usage,6,0,,,,,,,,,,,,,,,,,,,,,,,,,,,,,,
,,,,,,,,,,,,,,,,,,,,,,,,,,,,,,,,,,,
PL,Object-Oriented Programming,4,6,,,,,,,,,,,,,,,,,,,,,,,,,,,,,,,,
PL,Object-Oriented Programming,1,Usage,1,0,,,,,,,,,,,,,,,,,,,,,,,,,,,,,,
PL,Object-Oriented Programming,1,Usage,2,0,,,,,,,,,,,,,,,,,,,,,,,,,,,,,,
PL,Object-Oriented Programming,1,Usage,3,0,,,,,,,,,,,,,,,,,,,,,,,,,,,,,,
PL,Object-Oriented Programming,2,Assessment,4,0,,,,,,,,,,,,,,,,,,,,,,,,,,,,,,
PL,Object-Oriented Programming,2,Familiarity,5,0,,,,,,,,,,,,,,,,,,,,,,,,,,,,,,
PL,Object-Oriented Programming,2,Usage,6,0,,,,,,,,,,,,,,,,,,,,,,,,,,,,,,
PL,Object-Oriented Programming,2,Usage,7,0,,,,,,,,,,,,,,,,,,,,,,,,,,,,,,
,,,,,,,,,,,,,,,,,,,,,,,,,,,,,,,,,,,
PL,Functional Programming,3,4,,,,,,,,,,,,,,,,,,,,,,,,,,,,,,,,
PL,Functional Programming,1,Usage,1,0,,,,,,,,,,,,,,,,,,,,,,,,,,,,,,
PL,Functional Programming,1,Usage,2,0,,,,,,,,,,,,,,,,,,,,,,,,,,,,,,
PL,Functional Programming,1,Assessment,3,0,,,,,,,,,,,,,,,,,,,,,,,,,,,,,,
PL,Functional Programming,2,Usage,4,0,,,,,,,,,,,,,,,,,,,,,,,,,,,,,,
PL,Functional Programming,2,Usage,5,0,,,,,,,,,,,,,,,,,,,,,,,,,,,,,,
PL,Functional Programming,2,Usage,6,0,,,,,,,,,,,,,,,,,,,,,,,,,,,,,,
,,,,,,,,,,,,,,,,,,,,,,,,,,,,,,,,,,,
PL,Event-Driven and Reactive Programming,0,2,,,,,,,,,,,,,,,,,,,,,,,,,,,,,,,,
PL,Event-Driven and Reactive Programming,2,Usage,1,0,,,,,,,,,,,,,,,,,,,,,,,,,,,,,,
PL,Event-Driven and Reactive Programming,2,Familiarity,2,0,,,,,,,,,,,,,,,,,,,,,,,,,,,,,,
PL,Event-Driven and Reactive Programming,2,Familiarity,3,0,,,,,,,,,,,,,,,,,,,,,,,,,,,,,,
,,,,,,,,,,,,,,,,,,,,,,,,,,,,,,,,,,,
PL,Basic Type Systems,1,4,,,,,,,,,,,,,,,,,,,,,,,,,,,,,,,,
PL,Basic Type Systems,1,Familiarity,1,0,,,,,,,,,,,,,,,,,,,,,,,,,,,,,,
PL,Basic Type Systems,1,Familiarity,2,0,,,,,,,,,,,,,,,,,,,,,,,,,,,,,,
PL,Basic Type Systems,1,Familiarity,3,0,,,,,,,,,,,,,,,,,,,,,,,,,,,,,,
PL,Basic Type Systems,1,Usage,4,0,,,,,,,,,,,,,,,,,,,,,,,,,,,,,,
PL,Basic Type Systems,1,Familiarity,5,0,,,,,,,,,,,,,,,,,,,,,,,,,,,,,,
PL,Basic Type Systems,1,Usage,6,0,,,,,,,,,,,,,,,,,,,,,,,,,,,,,,
PL,Basic Type Systems,2,Familiarity,7,0,,,,,,,,,,,,,,,,,,,,,,,,,,,,,,
PL,Basic Type Systems,2,Usage,8,0,,,,,,,,,,,,,,,,,,,,,,,,,,,,,,
PL,Basic Type Systems,2,Familiarity,9,0,,,,,,,,,,,,,,,,,,,,,,,,,,,,,,
PL,Basic Type Systems,2,Usage,10,0,,,,,,,,,,,,,,,,,,,,,,,,,,,,,,
PL,Basic Type Systems,2,Familiarity,11,0,,,,,,,,,,,,,,,,,,,,,,,,,,,,,,
PL,Basic Type Systems,2,Familiarity,12,0,,,,,,,,,,,,,,,,,,,,,,,,,,,,,,
,,,,,,,,,,,,,,,,,,,,,,,,,,,,,,,,,,,
PL,Program Representation,0,1,,,,,,,,,,,,,,,,,,,,,,,,,,,,,,,,
PL,Program Representation,2,Familiarity,1,0,,,,,,,,,,,,,,,,,,,,,,,,,,,,,,
PL,Program Representation,2,Usage,2,0,,,,,,,,,,,,,,,,,,,,,,,,,,,,,,
PL,Program Representation,2,Familiarity,3,0,,,,,,,,,,,,,,,,,,,,,,,,,,,,,,
PL,Program Representation,2,Usage,4,0,,,,,,,,,,,,,,,,,,,,,,,,,,,,,,
,,,,,,,,,,,,,,,,,,,,,,,,,,,,,,,,,,,
PL,Language Translation and Execution,0,3,,,,,,,,,,,,,,,,,,,,,,,,,,,,,,,,
PL,Language Translation and Execution,2,Familiarity,1,0,,,,,,,,,,,,,,,,,,,,,,,,,,,,,,
PL,Language Translation and Execution,2,Familiarity,2,0,,,,,,,,,,,,,,,,,,,,,,,,,,,,,,
PL,Language Translation and Execution,2,Familiarity,3,0,,,,,,,,,,,,,,,,,,,,,,,,,,,,,,
PL,Language Translation and Execution,2,Familiarity,4,0,,,,,,,,,,,,,,,,,,,,,,,,,,,,,,
PL,Language Translation and Execution,2,Usage,5,0,,,,,,,,,,,,,,,,,,,,,,,,,,,,,,
PL,Language Translation and Execution,2,Familiarity,6,0,,,,,,,,,,,,,,,,,,,,,,,,,,,,,,
,,,,,,,,,,,,,,,,,,,,,,,,,,,,,,,,,,,
PL,Syntax Analysis,0,0,,,,,,,,,,,,,,,,,,,,,,,,,,,,,,,,
PL,Syntax Analysis,3,Usage,1,0,,,,,,,,,,,,,,,,,,,,,,,,,,,,,,
PL,Syntax Analysis,3,Usage,2,0,,,,,,,,,,,,,,,,,,,,,,,,,,,,,,
PL,Syntax Analysis,3,Familiarity,3,0,,,,,,,,,,,,,,,,,,,,,,,,,,,,,,
,,,,,,,,,,,,,,,,,,,,,,,,,,,,,,,,,,,
PL,Compiler Semantic Analysis,0,0,,,,,,,,,,,,,,,,,,,,,,,,,,,,,,,,
PL,Compiler Semantic Analysis,3,Usage,1,0,,,,,,,,,,,,,,,,,,,,,,,,,,,,,,
PL,Compiler Semantic Analysis,3,Usage,2,0,,,,,,,,,,,,,,,,,,,,,,,,,,,,,,
,,,,,,,,,,,,,,,,,,,,,,,,,,,,,,,,,,,
PL,Code Generation,0,0,,,,,,,,,,,,,,,,,,,,,,,,,,,,,,,,
PL,Code Generation,3,Familiarity,1,0,,,,,,,,,,,,,,,,,,,,,,,,,,,,,,
PL,Code Generation,3,Usage,2,0,,,,,,,,,,,,,,,,,,,,,,,,,,,,,,
PL,Code Generation,3,Familiarity,3,0,,,,,,,,,,,,,,,,,,,,,,,,,,,,,,
PL,Code Generation,3,Familiarity,4,0,,,,,,,,,,,,,,,,,,,,,,,,,,,,,,
PL,Code Generation,3,Familiarity,5,0,,,,,,,,,,,,,,,,,,,,,,,,,,,,,,
,,,,,,,,,,,,,,,,,,,,,,,,,,,,,,,,,,,
PL,Runtime Systems,0,0,,,,,,,,,,,,,,,,,,,,,,,,,,,,,,,,
PL,Runtime Systems,3,Familiarity,1,0,,,,,,,,,,,,,,,,,,,,,,,,,,,,,,
PL,Runtime Systems,3,Familiarity,2,0,,,,,,,,,,,,,,,,,,,,,,,,,,,,,,
PL,Runtime Systems,3,Familiarity,3,0,,,,,,,,,,,,,,,,,,,,,,,,,,,,,,
PL,Runtime Systems,3,Familiarity,4,0,,,,,,,,,,,,,,,,,,,,,,,,,,,,,,
PL,Runtime Systems,3,Familiarity,5,0,,,,,,,,,,,,,,,,,,,,,,,,,,,,,,
,,,,,,,,,,,,,,,,,,,,,,,,,,,,,,,,,,,
PL,Static Analysis,0,0,,,,,,,,,,,,,,,,,,,,,,,,,,,,,,,,
PL,Static Analysis,3,Usage,1,0,,,,,,,,,,,,,,,,,,,,,,,,,,,,,,
PL,Static Analysis,3,Familiarity,2,0,,,,,,,,,,,,,,,,,,,,,,,,,,,,,,
PL,Static Analysis,3,Usage,3,0,,,,,,,,,,,,,,,,,,,,,,,,,,,,,,
PL,Static Analysis,3,Familiarity,4,0,,,,,,,,,,,,,,,,,,,,,,,,,,,,,,
PL,Static Analysis,3,Familiarity,5,0,,,,,,,,,,,,,,,,,,,,,,,,,,,,,,
PL,Static Analysis,3,Usage,6,0,,,,,,,,,,,,,,,,,,,,,,,,,,,,,,
,,,,,,,,,,,,,,,,,,,,,,,,,,,,,,,,,,,
PL,Advanced Programming Constructs,0,0,,,,,,,,,,,,,,,,,,,,,,,,,,,,,,,,
PL,Advanced Programming Constructs,3,Usage,1,0,,,,,,,,,,,,,,,,,,,,,,,,,,,,,,
PL,Advanced Programming Constructs,3,Familiarity,2,0,,,,,,,,,,,,,,,,,,,,,,,,,,,,,,
PL,Advanced Programming Constructs,3,Familiarity,3,0,,,,,,,,,,,,,,,,,,,,,,,,,,,,,,
,,,,,,,,,,,,,,,,,,,,,,,,,,,,,,,,,,,
PL,Concurrency and Parallelism,0,0,,,,,,,,,,,,,,,,,,,,,,,,,,,,,,,,
PL,Concurrency and Parallelism,3,Usage,1,0,,,,,,,,,,,,,,,,,,,,,,,,,,,,,,
PL,Concurrency and Parallelism,3,Usage,2,0,,,,,,,,,,,,,,,,,,,,,,,,,,,,,,
PL,Concurrency and Parallelism,3,Familiarity,3,0,,,,,,,,,,,,,,,,,,,,,,,,,,,,,,
,,,,,,,,,,,,,,,,,,,,,,,,,,,,,,,,,,,
PL,Type Systems,0,0,,,,,,,,,,,,,,,,,,,,,,,,,,,,,,,,
PL,Type Systems,3,Usage,1,0,,,,,,,,,,,,,,,,,,,,,,,,,,,,,,
PL,Type Systems,3,Familiarity,2,0,,,,,,,,,,,,,,,,,,,,,,,,,,,,,,
PL,Type Systems,3,Familiarity,3,0,,,,,,,,,,,,,,,,,,,,,,,,,,,,,,
PL,Type Systems,3,Usage,4,0,,,,,,,,,,,,,,,,,,,,,,,,,,,,,,
PL,Type Systems,3,Usage,5,0,,,,,,,,,,,,,,,,,,,,,,,,,,,,,,
PL,Type Systems,3,Familiarity,6,0,,,,,,,,,,,,,,,,,,,,,,,,,,,,,,
,,,,,,,,,,,,,,,,,,,,,,,,,,,,,,,,,,,
PL,Formal Semantics,0,0,,,,,,,,,,,,,,,,,,,,,,,,,,,,,,,,
PL,Formal Semantics,3,Usage,1,0,,,,,,,,,,,,,,,,,,,,,,,,,,,,,,
PL,Formal Semantics,3,Usage,2,0,,,,,,,,,,,,,,,,,,,,,,,,,,,,,,
PL,Formal Semantics,3,Familiarity,3,0,,,,,,,,,,,,,,,,,,,,,,,,,,,,,,
PL,Formal Semantics,3,Usage,4,0,,,,,,,,,,,,,,,,,,,,,,,,,,,,,,
PL,Formal Semantics,3,Usage,5,0,,,,,,,,,,,,,,,,,,,,,,,,,,,,,,
PL,Formal Semantics,3,Usage,6,0,,,,,,,,,,,,,,,,,,,,,,,,,,,,,,
PL,Formal Semantics,3,Usage,7,0,,,,,,,,,,,,,,,,,,,,,,,,,,,,,,
,,,,,,,,,,,,,,,,,,,,,,,,,,,,,,,,,,,
PL,Language Pragmatics,0,0,,,,,,,,,,,,,,,,,,,,,,,,,,,,,,,,
PL,Language Pragmatics,3,Familiarity,1,0,,,,,,,,,,,,,,,,,,,,,,,,,,,,,,
PL,Language Pragmatics,3,Usage,2,0,,,,,,,,,,,,,,,,,,,,,,,,,,,,,,
PL,Language Pragmatics,3,Usage,3,0,,,,,,,,,,,,,,,,,,,,,,,,,,,,,,
PL,Language Pragmatics,3,Familiarity,4,0,,,,,,,,,,,,,,,,,,,,,,,,,,,,,,
PL,Language Pragmatics,3,Familiarity,5,0,,,,,,,,,,,,,,,,,,,,,,,,,,,,,,
,,,,,,,,,,,,,,,,,,,,,,,,,,,,,,,,,,,
PL,Logic Programming,0,0,,,,,,,,,,,,,,,,,,,,,,,,,,,,,,,,
PL,Logic Programming,3,Usage,1,0,,,,,,,,,,,,,,,,,,,,,,,,,,,,,,
PL,Logic Programming,3,Usage,2,0,,,,,,,,,,,,,,,,,,,,,,,,,,,,,,
,,,,,,,,,,,,,,,,,,,,,,,,,,,,,,,,,,,
SDF,Algorithms and Design,11,0,,,,,,,,,,,,,,,,,,,,,,,,,,,,,,,,
SDF,Algorithms and Design,1,Familiarity,1,0,,,,,,,,,,,,,,,,,,,,,,,,,,,,,,
SDF,Algorithms and Design,1,Familiarity,2,0,,,,,,,,,,,,,,,,,,,,,,,,,,,,,,
SDF,Algorithms and Design,1,Usage,3,0,,,,,,,,,,,,,,,,,,,,,,,,,,,,,,
SDF,Algorithms and Design,1,Usage,4,0,,,,,,,,,,,,,,,,,,,,,,,,,,,,,,
SDF,Algorithms and Design,1,Usage,5,0,,,,,,,,,,,,,,,,,,,,,,,,,,,,,,
SDF,Algorithms and Design,1,Assessment,6,0,,,,,,,,,,,,,,,,,,,,,,,,,,,,,,
SDF,Algorithms and Design,1,Usage,7,0,,,,,,,,,,,,,,,,,,,,,,,,,,,,,,
SDF,Algorithms and Design,1,Usage,8,0,,,,,,,,,,,,,,,,,,,,,,,,,,,,,,
SDF,Algorithms and Design,1,Usage,9,0,,,,,,,,,,,,,,,,,,,,,,,,,,,,,,
SDF,Algorithms and Design,1,Usage,10,0,,,,,,,,,,,,,,,,,,,,,,,,,,,,,,
SDF,Algorithms and Design,1,Assessment,11,0,,,,,,,,,,,,,,,,,,,,,,,,,,,,,,
,,,,,,,,,,,,,,,,,,,,,,,,,,,,,,,,,,,
SDF,Fundamental Programming Concepts,10,0,,,,,,,,,,,,,,,,,,,,,,,,,,,,,,,,
SDF,Fundamental Programming Concepts,1,Assessment,1,0,,,,,,,,,,,,,,,,,,,,,,,,,,,,,,
SDF,Fundamental Programming Concepts,1,Familiarity,2,0,,,,,,,,,,,,,,,,,,,,,,,,,,,,,,
SDF,Fundamental Programming Concepts,1,Usage,3,0,,,,,,,,,,,,,,,,,,,,,,,,,,,,,,
SDF,Fundamental Programming Concepts,1,Usage,4,0,,,,,,,,,,,,,,,,,,,,,,,,,,,,,,
SDF,Fundamental Programming Concepts,1,Usage,5,0,,,,,,,,,,,,,,,,,,,,,,,,,,,,,,
SDF,Fundamental Programming Concepts,1,Usage,6,0,,,,,,,,,,,,,,,,,,,,,,,,,,,,,,
SDF,Fundamental Programming Concepts,1,Assessment,7,0,,,,,,,,,,,,,,,,,,,,,,,,,,,,,,
SDF,Fundamental Programming Concepts,1,Familiarity,8,0,,,,,,,,,,,,,,,,,,,,,,,,,,,,,,
SDF,Fundamental Programming Concepts,1,Assessment,9,0,,,,,,,,,,,,,,,,,,,,,,,,,,,,,,
,,,,,,,,,,,,,,,,,,,,,,,,,,,,,,,,,,,
SDF,Fundamental Data Structures,12,0,,,,,,,,,,,,,,,,,,,,,,,,,,,,,,,,
SDF,Fundamental Data Structures,1,Familiarity,1,0,,,,,,,,,,,,,,,,,,,,,,,,,,,,,,
SDF,Fundamental Data Structures,1,Familiarity,2,0,,,,,,,,,,,,,,,,,,,,,,,,,,,,,,
SDF,Fundamental Data Structures,1,Usage,3,0,,,,,,,,,,,,,,,,,,,,,,,,,,,,,,
SDF,Fundamental Data Structures,1,Assessment,4,0,,,,,,,,,,,,,,,,,,,,,,,,,,,,,,
SDF,Fundamental Data Structures,1,Familiarity,5,0,,,,,,,,,,,,,,,,,,,,,,,,,,,,,,
SDF,Fundamental Data Structures,1,Assessment,6,0,,,,,,,,,,,,,,,,,,,,,,,,,,,,,,
SDF,Fundamental Data Structures,1,Assessment,7,0,,,,,,,,,,,,,,,,,,,,,,,,,,,,,,
,,,,,,,,,,,,,,,,,,,,,,,,,,,,,,,,,,,
SDF,Development Methods,10,0,,,,,,,,,,,,,,,,,,,,,,,,,,,,,,,,
SDF,Development Methods,1,Assessment,1,0,,,,,,,,,,,,,,,,,,,,,,,,,,,,,,
SDF,Development Methods,1,Familiarity,2,0,,,,,,,,,,,,,,,,,,,,,,,,,,,,,,
SDF,Development Methods,1,Usage,3,0,,,,,,,,,,,,,,,,,,,,,,,,,,,,,,
SDF,Development Methods,1,Usage,4,0,,,,,,,,,,,,,,,,,,,,,,,,,,,,,,
SDF,Development Methods,1,Usage,5,0,,,,,,,,,,,,,,,,,,,,,,,,,,,,,,
SDF,Development Methods,1,Familiarity,6,0,,,,,,,,,,,,,,,,,,,,,,,,,,,,,,
SDF,Development Methods,1,Usage,7,0,,,,,,,,,,,,,,,,,,,,,,,,,,,,,,
SDF,Development Methods,1,Usage,8,0,,,,,,,,,,,,,,,,,,,,,,,,,,,,,,
SDF,Development Methods,1,Usage,9,0,,,,,,,,,,,,,,,,,,,,,,,,,,,,,,
SDF,Development Methods,1,Usage,10,0,,,,,,,,,,,,,,,,,,,,,,,,,,,,,,
SDF,Development Methods,1,Assessment,11,0,,,,,,,,,,,,,,,,,,,,,,,,,,,,,,
SDF,Development Methods,1,Usage,12,0,,,,,,,,,,,,,,,,,,,,,,,,,,,,,,
,,,,,,,,,,,,,,,,,,,,,,,,,,,,,,,,,,,
SE,Software Processes,2,1,,,,,,,,,,,,,,,,,,,,,,,,,,,,,,,,
SE,Software Processes,1,Familiarity,1,0,,,,,,,,,,,,,,,,,,,,,,,,,,,,,,
SE,Software Processes,1,Familiarity,2,0,,,,,,,,,,,,,,,,,,,,,,,,,,,,,,
SE,Software Processes,1,Familiarity,3,0,,,,,,,,,,,,,,,,,,,,,,,,,,,,,,
SE,Software Processes,1,Familiarity,4,0,,,,,,,,,,,,,,,,,,,,,,,,,,,,,,
SE,Software Processes,1,Familiarity,5,0,,,,,,,,,,,,,,,,,,,,,,,,,,,,,,
SE,Software Processes,2,Familiarity,6,0,,,,,,,,,,,,,,,,,,,,,,,,,,,,,,
SE,Software Processes,2,Usage,7,0,,,,,,,,,,,,,,,,,,,,,,,,,,,,,,
SE,Software Processes,3,Familiarity,8,0,,,,,,,,,,,,,,,,,,,,,,,,,,,,,,
SE,Software Processes,3,Familiarity,9,0,,,,,,,,,,,,,,,,,,,,,,,,,,,,,,
SE,Software Processes,3,Assessment,10,0,,,,,,,,,,,,,,,,,,,,,,,,,,,,,,
SE,Software Processes,3,Usage,11,0,,,,,,,,,,,,,,,,,,,,,,,,,,,,,,
SE,Software Processes,3,Familiarity,12,0,,,,,,,,,,,,,,,,,,,,,,,,,,,,,,
SE,Software Processes,3,Familiarity,13,0,,,,,,,,,,,,,,,,,,,,,,,,,,,,,,
SE,Software Processes,3,Usage,14,0,,,,,,,,,,,,,,,,,,,,,,,,,,,,,,
,,,,,,,,,,,,,,,,,,,,,,,,,,,,,,,,,,,
SE,Software Project Management,0,2,,,,,,,,,,,,,,,,,,,,,,,,,,,,,,,,
SE,Software Project Management,2,Familiarity,1,0,,,,,,,,,,,,,,,,,,,,,,,,,,,,,,
SE,Software Project Management,2,Usage,2,0,,,,,,,,,,,,,,,,,,,,,,,,,,,,,,
SE,Software Project Management,2,Usage,3,0,,,,,,,,,,,,,,,,,,,,,,,,,,,,,,
SE,Software Project Management,2,Usage,4,0,,,,,,,,,,,,,,,,,,,,,,,,,,,,,,
SE,Software Project Management,2,Usage,5,0,,,,,,,,,,,,,,,,,,,,,,,,,,,,,,
SE,Software Project Management,2,Usage,6,0,,,,,,,,,,,,,,,,,,,,,,,,,,,,,,
SE,Software Project Management,2,Familiarity,7,0,,,,,,,,,,,,,,,,,,,,,,,,,,,,,,
SE,Software Project Management,2,Familiarity,8,0,,,,,,,,,,,,,,,,,,,,,,,,,,,,,,
SE,Software Project Management,2,Familiarity,9,0,,,,,,,,,,,,,,,,,,,,,,,,,,,,,,
SE,Software Project Management,3,Usage,10,0,,,,,,,,,,,,,,,,,,,,,,,,,,,,,,
SE,Software Project Management,3,Familiarity,11,0,,,,,,,,,,,,,,,,,,,,,,,,,,,,,,
SE,Software Project Management,3,Usage,12,0,,,,,,,,,,,,,,,,,,,,,,,,,,,,,,
SE,Software Project Management,3,Usage,13,0,,,,,,,,,,,,,,,,,,,,,,,,,,,,,,
SE,Software Project Management,3,Familiarity,14,0,,,,,,,,,,,,,,,,,,,,,,,,,,,,,,
SE,Software Project Management,3,Usage,15,0,,,,,,,,,,,,,,,,,,,,,,,,,,,,,,
SE,Software Project Management,3,Usage,16,0,,,,,,,,,,,,,,,,,,,,,,,,,,,,,,
SE,Software Project Management,3,Usage,17,0,,,,,,,,,,,,,,,,,,,,,,,,,,,,,,
SE,Software Project Management,3,Assessment,18,0,,,,,,,,,,,,,,,,,,,,,,,,,,,,,,
SE,Software Project Management,3,Familiarity,19,0,,,,,,,,,,,,,,,,,,,,,,,,,,,,,,
SE,Software Project Management,3,Usage,20,0,,,,,,,,,,,,,,,,,,,,,,,,,,,,,,
SE,Software Project Management,3,Usage,21,0,,,,,,,,,,,,,,,,,,,,,,,,,,,,,,
SE,Software Project Management,3,Usage,22,0,,,,,,,,,,,,,,,,,,,,,,,,,,,,,,
SE,Software Project Management,3,Usage,23,0,,,,,,,,,,,,,,,,,,,,,,,,,,,,,,
SE,Software Project Management,3,Usage,24,0,,,,,,,,,,,,,,,,,,,,,,,,,,,,,,
SE,Software Project Management,3,Usage,25,0,,,,,,,,,,,,,,,,,,,,,,,,,,,,,,
,,,,,,,,,,,,,,,,,,,,,,,,,,,,,,,,,,,
SE,Tools and Environments,0,2,,,,,,,,,,,,,,,,,,,,,,,,,,,,,,,,
SE,Tools and Environments,2,Familiarity,1,0,,,,,,,,,,,,,,,,,,,,,,,,,,,,,,
SE,Tools and Environments,2,Familiarity,2,0,,,,,,,,,,,,,,,,,,,,,,,,,,,,,,
SE,Tools and Environments,2,Usage,3,0,,,,,,,,,,,,,,,,,,,,,,,,,,,,,,
SE,Tools and Environments,2,Familiarity,4,0,,,,,,,,,,,,,,,,,,,,,,,,,,,,,,
SE,Tools and Environments,2,Familiarity,5,0,,,,,,,,,,,,,,,,,,,,,,,,,,,,,,
SE,Tools and Environments,2,Usage,6,0,,,,,,,,,,,,,,,,,,,,,,,,,,,,,,
,,,,,,,,,,,,,,,,,,,,,,,,,,,,,,,,,,,
SE,Requirements Engineering,1,3,,,,,,,,,,,,,,,,,,,,,,,,,,,,,,,,
SE,Requirements Engineering,1,Familiarity,1,0,,,,,,,,,,,,,,,,,,,,,,,,,,,,,,
SE,Requirements Engineering,1,Familiarity,2,0,,,,,,,,,,,,,,,,,,,,,,,,,,,,,,
SE,Requirements Engineering,1,Familiarity,3,0,,,,,,,,,,,,,,,,,,,,,,,,,,,,,,
SE,Requirements Engineering,2,Familiarity,4,0,,,,,,,,,,,,,,,,,,,,,,,,,,,,,,
SE,Requirements Engineering,2,Familiarity,5,0,,,,,,,,,,,,,,,,,,,,,,,,,,,,,,
SE,Requirements Engineering,2,Usage,6,0,,,,,,,,,,,,,,,,,,,,,,,,,,,,,,
SE,Requirements Engineering,2,Usage,7,0,,,,,,,,,,,,,,,,,,,,,,,,,,,,,,
SE,Requirements Engineering,3,Usage,8,0,,,,,,,,,,,,,,,,,,,,,,,,,,,,,,
SE,Requirements Engineering,3,Familiarity,9,0,,,,,,,,,,,,,,,,,,,,,,,,,,,,,,
SE,Requirements Engineering,3,Usage,10,0,,,,,,,,,,,,,,,,,,,,,,,,,,,,,,
SE,Requirements Engineering,3,Usage,11,0,,,,,,,,,,,,,,,,,,,,,,,,,,,,,,
SE,Requirements Engineering,3,Usage,12,0,,,,,,,,,,,,,,,,,,,,,,,,,,,,,,
SE,Requirements Engineering,3,Familiarity,13,0,,,,,,,,,,,,,,,,,,,,,,,,,,,,,,
,,,,,,,,,,,,,,,,,,,,,,,,,,,,,,,,,,,
SE,Software Design,3,5,,,,,,,,,,,,,,,,,,,,,,,,,,,,,,,,
SE,Software Design,1,Familiarity,1,0,,,,,,,,,,,,,,,,,,,,,,,,,,,,,,
SE,Software Design,1,Usage,2,0,,,,,,,,,,,,,,,,,,,,,,,,,,,,,,
SE,Software Design,1,Usage,3,0,,,,,,,,,,,,,,,,,,,,,,,,,,,,,,
SE,Software Design,1,Familiarity,4,0,,,,,,,,,,,,,,,,,,,,,,,,,,,,,,
SE,Software Design,2,Usage,5,0,,,,,,,,,,,,,,,,,,,,,,,,,,,,,,
SE,Software Design,2,Usage,6,0,,,,,,,,,,,,,,,,,,,,,,,,,,,,,,
SE,Software Design,2,Assessment,7,0,,,,,,,,,,,,,,,,,,,,,,,,,,,,,,
SE,Software Design,2,Familiarity,8,0,,,,,,,,,,,,,,,,,,,,,,,,,,,,,,
SE,Software Design,2,Familiarity,9,0,,,,,,,,,,,,,,,,,,,,,,,,,,,,,,
SE,Software Design,2,Assessment,10,0,,,,,,,,,,,,,,,,,,,,,,,,,,,,,,
SE,Software Design,2,Usage,11,0,,,,,,,,,,,,,,,,,,,,,,,,,,,,,,
SE,Software Design,2,Familiarity,12,0,,,,,,,,,,,,,,,,,,,,,,,,,,,,,,
SE,Software Design,2,Usage,13,0,,,,,,,,,,,,,,,,,,,,,,,,,,,,,,
SE,Software Design,2,Familiarity,14,0,,,,,,,,,,,,,,,,,,,,,,,,,,,,,,
SE,Software Design,2,Usage,15,0,,,,,,,,,,,,,,,,,,,,,,,,,,,,,,
SE,Software Design,3,Usage,16,0,,,,,,,,,,,,,,,,,,,,,,,,,,,,,,
SE,Software Design,3,Usage,17,0,,,,,,,,,,,,,,,,,,,,,,,,,,,,,,
SE,Software Design,3,Assessment,18,0,,,,,,,,,,,,,,,,,,,,,,,,,,,,,,
SE,Software Design,3,Assessment,19,0,,,,,,,,,,,,,,,,,,,,,,,,,,,,,,
SE,Software Design,3,Familiarity,20,0,,,,,,,,,,,,,,,,,,,,,,,,,,,,,,
SE,Software Design,3,Usage,21,0,,,,,,,,,,,,,,,,,,,,,,,,,,,,,,
SE,Software Design,3,Usage,22,0,,,,,,,,,,,,,,,,,,,,,,,,,,,,,,
SE,Software Design,3,Familiarity,23,0,,,,,,,,,,,,,,,,,,,,,,,,,,,,,,
,,,,,,,,,,,,,,,,,,,,,,,,,,,,,,,,,,,
SE,Software Construction,0,2,,,,,,,,,,,,,,,,,,,,,,,,,,,,,,,,
SE,Software Construction,2,Familiarity,1,0,,,,,,,,,,,,,,,,,,,,,,,,,,,,,,
SE,Software Construction,2,Usage,2,0,,,,,,,,,,,,,,,,,,,,,,,,,,,,,,
SE,Software Construction,2,Familiarity,3,0,,,,,,,,,,,,,,,,,,,,,,,,,,,,,,
SE,Software Construction,2,Usage,4,0,,,,,,,,,,,,,,,,,,,,,,,,,,,,,,
SE,Software Construction,2,Familiarity,5,0,,,,,,,,,,,,,,,,,,,,,,,,,,,,,,
SE,Software Construction,2,Familiarity,6,0,,,,,,,,,,,,,,,,,,,,,,,,,,,,,,
SE,Software Construction,2,Familiarity,7,0,,,,,,,,,,,,,,,,,,,,,,,,,,,,,,
SE,Software Construction,3,Usage,8,0,,,,,,,,,,,,,,,,,,,,,,,,,,,,,,
SE,Software Construction,3,Usage,9,0,,,,,,,,,,,,,,,,,,,,,,,,,,,,,,
,,,,,,,,,,,,,,,,,,,,,,,,,,,,,,,,,,,
SE,Software Verification Validation,0,3,,,,,,,,,,,,,,,,,,,,,,,,,,,,,,,,
SE,Software Verification Validation,2,Familiarity,1,0,,,,,,,,,,,,,,,,,,,,,,,,,,,,,,
SE,Software Verification Validation,2,Familiarity,2,0,,,,,,,,,,,,,,,,,,,,,,,,,,,,,,
SE,Software Verification Validation,2,Usage,3,0,,,,,,,,,,,,,,,,,,,,,,,,,,,,,,
SE,Software Verification Validation,2,Familiarity,4,0,,,,,,,,,,,,,,,,,,,,,,,,,,,,,,
SE,Software Verification Validation,2,Familiarity,5,0,,,,,,,,,,,,,,,,,,,,,,,,,,,,,,
SE,Software Verification Validation,2,Usage,6,0,,,,,,,,,,,,,,,,,,,,,,,,,,,,,,
SE,Software Verification Validation,2,Familiarity,7,0,,,,,,,,,,,,,,,,,,,,,,,,,,,,,,
SE,Software Verification Validation,2,Usage,8,0,,,,,,,,,,,,,,,,,,,,,,,,,,,,,,
SE,Software Verification Validation,2,Familiarity,9,0,,,,,,,,,,,,,,,,,,,,,,,,,,,,,,
SE,Software Verification Validation,3,Usage,10,0,,,,,,,,,,,,,,,,,,,,,,,,,,,,,,
SE,Software Verification Validation,3,Familiarity,11,0,,,,,,,,,,,,,,,,,,,,,,,,,,,,,,
SE,Software Verification Validation,3,Familiarity,12,0,,,,,,,,,,,,,,,,,,,,,,,,,,,,,,
SE,Software Verification Validation,3,Usage,13,0,,,,,,,,,,,,,,,,,,,,,,,,,,,,,,
SE,Software Verification Validation,3,Familiarity,14,0,,,,,,,,,,,,,,,,,,,,,,,,,,,,,,
SE,Software Verification Validation,3,Familiarity,15,0,,,,,,,,,,,,,,,,,,,,,,,,,,,,,,
SE,Software Verification Validation,3,Usage,16,0,,,,,,,,,,,,,,,,,,,,,,,,,,,,,,
SE,Software Verification Validation,3,Usage,17,0,,,,,,,,,,,,,,,,,,,,,,,,,,,,,,
,,,,,,,,,,,,,,,,,,,,,,,,,,,,,,,,,,,
SE,Software Evolution,0,2,,,,,,,,,,,,,,,,,,,,,,,,,,,,,,,,
SE,Software Evolution,2,Familiarity,1,0,,,,,,,,,,,,,,,,,,,,,,,,,,,,,,
SE,Software Evolution,2,Usage,2,0,,,,,,,,,,,,,,,,,,,,,,,,,,,,,,
SE,Software Evolution,2,Usage,3,0,,,,,,,,,,,,,,,,,,,,,,,,,,,,,,
SE,Software Evolution,2,Familiarity,4,0,,,,,,,,,,,,,,,,,,,,,,,,,,,,,,
SE,Software Evolution,2,Familiarity,5,0,,,,,,,,,,,,,,,,,,,,,,,,,,,,,,
SE,Software Evolution,2,Familiarity,6,0,,,,,,,,,,,,,,,,,,,,,,,,,,,,,,
,,,,,,,,,,,,,,,,,,,,,,,,,,,,,,,,,,,
SE,Software Reliability,0,1,,,,,,,,,,,,,,,,,,,,,,,,,,,,,,,,
SE,Software Reliability,2,Familiarity,1,0,,,,,,,,,,,,,,,,,,,,,,,,,,,,,,
SE,Software Reliability,2,Familiarity,2,0,,,,,,,,,,,,,,,,,,,,,,,,,,,,,,
SE,Software Reliability,2,Familiarity,3,0,,,,,,,,,,,,,,,,,,,,,,,,,,,,,,
SE,Software Reliability,3,Familiarity,4,0,,,,,,,,,,,,,,,,,,,,,,,,,,,,,,
SE,Software Reliability,3,Usage,5,0,,,,,,,,,,,,,,,,,,,,,,,,,,,,,,
SE,Software Reliability,3,Usage,6,0,,,,,,,,,,,,,,,,,,,,,,,,,,,,,,
SE,Software Reliability,3,Usage,7,0,,,,,,,,,,,,,,,,,,,,,,,,,,,,,,
,,,,,,,,,,,,,,,,,,,,,,,,,,,,,,,,,,,
SE,Formal Methods,0,0,,,,,,,,,,,,,,,,,,,,,,,,,,,,,,,,
SE,Formal Methods,3,Familiarity,1,0,,,,,,,,,,,,,,,,,,,,,,,,,,,,,,
SE,Formal Methods,3,Usage,2,0,,,,,,,,,,,,,,,,,,,,,,,,,,,,,,
SE,Formal Methods,3,Familiarity,3,0,,,,,,,,,,,,,,,,,,,,,,,,,,,,,,
SE,Formal Methods,3,Usage,4,0,,,,,,,,,,,,,,,,,,,,,,,,,,,,,,
SE,Formal Methods,3,Usage,5,0,,,,,,,,,,,,,,,,,,,,,,,,,,,,,,
,,,,,,,,,,,,,,,,,,,,,,,,,,,,,,,,,,,
SF,Computational Paradigms,3,0,,,,,,,,,,,,,,,,,,,,,,,,,,,,,,,,
SF,Computational Paradigms,1,Familiarity,1,0,,,,,,,,,,,,,,,,,,,,,,,,,,,,,,
SF,Computational Paradigms,1,Familiarity,2,0,,,,,,,,,,,,,,,,,,,,,,,,,,,,,,
SF,Computational Paradigms,1,Familiarity,3,0,,,,,,,,,,,,,,,,,,,,,,,,,,,,,,
SF,Computational Paradigms,1,Familiarity,4,0,,,,,,,,,,,,,,,,,,,,,,,,,,,,,,
SF,Computational Paradigms,1,Usage,5,0,,,,,,,,,,,,,,,,,,,,,,,,,,,,,,
SF,Computational Paradigms,1,Usage,6,0,,,,,,,,,,,,,,,,,,,,,,,,,,,,,,
SF,Computational Paradigms,1,Usage,7,0,,,,,,,,,,,,,,,,,,,,,,,,,,,,,,
SF,Computational Paradigms,1,Assessment,8,0,,,,,,,,,,,,,,,,,,,,,,,,,,,,,,
,,,,,,,,,,,,,,,,,,,,,,,,,,,,,,,,,,,
SF,Cross-Layer Communications,3,0,,,,,,,,,,,,,,,,,,,,,,,,,,,,,,,,
SF,Cross-Layer Communications,1,Familiarity,1,0,,,,,,,,,,,,,,,,,,,,,,,,,,,,,,
SF,Cross-Layer Communications,1,Familiarity,2,0,,,,,,,,,,,,,,,,,,,,,,,,,,,,,,
SF,Cross-Layer Communications,1,Familiarity,3,0,,,,,,,,,,,,,,,,,,,,,,,,,,,,,,
SF,Cross-Layer Communications,1,Usage,4,0,,,,,,,,,,,,,,,,,,,,,,,,,,,,,,
SF,Cross-Layer Communications,1,Usage,5,0,,,,,,,,,,,,,,,,,,,,,,,,,,,,,,
,,,,,,,,,,,,,,,,,,,,,,,,,,,,,,,,,,,
SF,State and State Machines,6,0,,,,,,,,,,,,,,,,,,,,,,,,,,,,,,,,
SF,State and State Machines,1,Familiarity,1,0,,,,,,,,,,,,,,,,,,,,,,,,,,,,,,
SF,State and State Machines,1,Familiarity,2,0,,,,,,,,,,,,,,,,,,,,,,,,,,,,,,
SF,State and State Machines,1,Familiarity,3,0,,,,,,,,,,,,,,,,,,,,,,,,,,,,,,
SF,State and State Machines,1,Familiarity,4,0,,,,,,,,,,,,,,,,,,,,,,,,,,,,,,
SF,State and State Machines,1,Usage,5,0,,,,,,,,,,,,,,,,,,,,,,,,,,,,,,
SF,State and State Machines,1,Assessment,6,0,,,,,,,,,,,,,,,,,,,,,,,,,,,,,,
,,,,,,,,,,,,,,,,,,,,,,,,,,,,,,,,,,,
SF,Parallelism,3,0,,,,,,,,,,,,,,,,,,,,,,,,,,,,,,,,
SF,Parallelism,1,Familiarity,1,0,,,,,,,,,,,,,,,,,,,,,,,,,,,,,,
SF,Parallelism,1,Familiarity,2,0,,,,,,,,,,,,,,,,,,,,,,,,,,,,,,
SF,Parallelism,1,Familiarity,3,0,,,,,,,,,,,,,,,,,,,,,,,,,,,,,,
SF,Parallelism,1,Familiarity,4,0,,,,,,,,,,,,,,,,,,,,,,,,,,,,,,
SF,Parallelism,1,Usage,5,0,,,,,,,,,,,,,,,,,,,,,,,,,,,,,,
SF,Parallelism,1,Assessment,6,0,,,,,,,,,,,,,,,,,,,,,,,,,,,,,,
,,,,,,,,,,,,,,,,,,,,,,,,,,,,,,,,,,,
SF,Evaluation,3,0,,,,,,,,,,,,,,,,,,,,,,,,,,,,,,,,
SF,Evaluation,1,Familiarity,1,0,,,,,,,,,,,,,,,,,,,,,,,,,,,,,,
SF,Evaluation,1,Familiarity,2,0,,,,,,,,,,,,,,,,,,,,,,,,,,,,,,
SF,Evaluation,1,Usage,3,0,,,,,,,,,,,,,,,,,,,,,,,,,,,,,,
SF,Evaluation,1,Assessment,4,0,,,,,,,,,,,,,,,,,,,,,,,,,,,,,,
,,,,,,,,,,,,,,,,,,,,,,,,,,,,,,,,,,,
SF,Resource Allocation and Scheduling,0,2,,,,,,,,,,,,,,,,,,,,,,,,,,,,,,,,
SF,Resource Allocation and Scheduling,2,Familiarity,1,0,,,,,,,,,,,,,,,,,,,,,,,,,,,,,,
SF,Resource Allocation and Scheduling,2,Familiarity,2,0,,,,,,,,,,,,,,,,,,,,,,,,,,,,,,
SF,Resource Allocation and Scheduling,2,Usage,3,0,,,,,,,,,,,,,,,,,,,,,,,,,,,,,,
SF,Resource Allocation and Scheduling,2,Assessment,4,0,,,,,,,,,,,,,,,,,,,,,,,,,,,,,,
,,,,,,,,,,,,,,,,,,,,,,,,,,,,,,,,,,,
SF,Proximity,0,3,,,,,,,,,,,,,,,,,,,,,,,,,,,,,,,,
SF,Proximity,2,Familiarity,1,0,,,,,,,,,,,,,,,,,,,,,,,,,,,,,,
SF,Proximity,2,Familiarity,2,0,,,,,,,,,,,,,,,,,,,,,,,,,,,,,,
SF,Proximity,2,Assessment,3,0,,,,,,,,,,,,,,,,,,,,,,,,,,,,,,
,,,,,,,,,,,,,,,,,,,,,,,,,,,,,,,,,,,
SF,Virtualization and Isolation,0,2,,,,,,,,,,,,,,,,,,,,,,,,,,,,,,,,
SF,Virtualization and Isolation,2,Familiarity,1,0,,,,,,,,,,,,,,,,,,,,,,,,,,,,,,
SF,Virtualization and Isolation,2,Familiarity,2,0,,,,,,,,,,,,,,,,,,,,,,,,,,,,,,
SF,Virtualization and Isolation,2,Assessment,3,0,,,,,,,,,,,,,,,,,,,,,,,,,,,,,,
,,,,,,,,,,,,,,,,,,,,,,,,,,,,,,,,,,,
SF,Reliability through Redundancy,0,2,,,,,,,,,,,,,,,,,,,,,,,,,,,,,,,,
SF,Reliability through Redundancy,2,Familiarity,1,0,,,,,,,,,,,,,,,,,,,,,,,,,,,,,,
SF,Reliability through Redundancy,2,Familiarity,2,0,,,,,,,,,,,,,,,,,,,,,,,,,,,,,,
SF,Reliability through Redundancy,2,Familiarity,3,0,,,,,,,,,,,,,,,,,,,,,,,,,,,,,,
SF,Reliability through Redundancy,2,Usage,4,0,,,,,,,,,,,,,,,,,,,,,,,,,,,,,,
SF,Reliability through Redundancy,2,Assessment,5,0,,,,,,,,,,,,,,,,,,,,,,,,,,,,,,
,,,,,,,,,,,,,,,,,,,,,,,,,,,,,,,,,,,
SF,Quantitative Evaluation,0,0,,,,,,,,,,,,,,,,,,,,,,,,,,,,,,,,
SF,Quantitative Evaluation,3,Familiarity,1,0,,,,,,,,,,,,,,,,,,,,,,,,,,,,,,
SF,Quantitative Evaluation,3,Familiarity,2,0,,,,,,,,,,,,,,,,,,,,,,,,,,,,,,
SF,Quantitative Evaluation,3,Usage,3,0,,,,,,,,,,,,,,,,,,,,,,,,,,,,,,
SF,Quantitative Evaluation,3,Assessment,4,0,,,,,,,,,,,,,,,,,,,,,,,,,,,,,,
,,,,,,,,,,,,,,,,,,,,,,,,,,,,,,,,,,,
SP,Social Context,1,2,,,,,,,,,,,,,,,,,,,,,,,,,,,,,,,,
SP,Social Context,1,Familiarity,1,0,,,,,,,,,,,,,,,,,,,,,,,,,,,,,,
SP,Social Context,1,Familiarity,2,0,,,,,,,,,,,,,,,,,,,,,,,,,,,,,,
SP,Social Context,1,Familiarity,3,0,,,,,,,,,,,,,,,,,,,,,,,,,,,,,,
SP,Social Context,1,Assessment,4,0,,,,,,,,,,,,,,,,,,,,,,,,,,,,,,
SP,Social Context,1,Usage,5,0,,,,,,,,,,,,,,,,,,,,,,,,,,,,,,
SP,Social Context,2,Familiarity,6,0,,,,,,,,,,,,,,,,,,,,,,,,,,,,,,
SP,Social Context,2,Assessment,7,0,,,,,,,,,,,,,,,,,,,,,,,,,,,,,,
SP,Social Context,2,Familiarity,8,0,,,,,,,,,,,,,,,,,,,,,,,,,,,,,,
SP,Social Context,2,Familiarity,9,0,,,,,,,,,,,,,,,,,,,,,,,,,,,,,,
,,,,,,,,,,,,,,,,,,,,,,,,,,,,,,,,,,,
SP,Analytical Tools,2,0,,,,,,,,,,,,,,,,,,,,,,,,,,,,,,,,
SP,Analytical Tools,1,Assessment,1,0,,,,,,,,,,,,,,,,,,,,,,,,,,,,,,
SP,Analytical Tools,1,Assessment,2,0,,,,,,,,,,,,,,,,,,,,,,,,,,,,,,
SP,Analytical Tools,1,Assessment,3,0,,,,,,,,,,,,,,,,,,,,,,,,,,,,,,
SP,Analytical Tools,1,Usage,4,0,,,,,,,,,,,,,,,,,,,,,,,,,,,,,,
SP,Analytical Tools,1,Assessment,5,0,,,,,,,,,,,,,,,,,,,,,,,,,,,,,,
,,,,,,,,,,,,,,,,,,,,,,,,,,,,,,,,,,,
SP,Professional Ethics,2,2,,,,,,,,,,,,,,,,,,,,,,,,,,,,,,,,
SP,Professional Ethics,1,Familiarity,1,0,,,,,,,,,,,,,,,,,,,,,,,,,,,,,,
SP,Professional Ethics,1,Familiarity,2,0,,,,,,,,,,,,,,,,,,,,,,,,,,,,,,
SP,Professional Ethics,1,Familiarity,3,0,,,,,,,,,,,,,,,,,,,,,,,,,,,,,,
SP,Professional Ethics,1,Familiarity,4,0,,,,,,,,,,,,,,,,,,,,,,,,,,,,,,
SP,Professional Ethics,1,Assessment,5,0,,,,,,,,,,,,,,,,,,,,,,,,,,,,,,
SP,Professional Ethics,1,Assessment,6,0,,,,,,,,,,,,,,,,,,,,,,,,,,,,,,
SP,Professional Ethics,2,Familiarity,7,0,,,,,,,,,,,,,,,,,,,,,,,,,,,,,,
SP,Professional Ethics,2,Familiarity,8,0,,,,,,,,,,,,,,,,,,,,,,,,,,,,,,
SP,Professional Ethics,2,Familiarity,9,0,,,,,,,,,,,,,,,,,,,,,,,,,,,,,,
SP,Professional Ethics,2,Familiarity,10,0,,,,,,,,,,,,,,,,,,,,,,,,,,,,,,
SP,Professional Ethics,2,Usage,11,0,,,,,,,,,,,,,,,,,,,,,,,,,,,,,,
SP,Professional Ethics,2,Usage,12,0,,,,,,,,,,,,,,,,,,,,,,,,,,,,,,
SP,Professional Ethics,2,Familiarity,13,0,,,,,,,,,,,,,,,,,,,,,,,,,,,,,,
SP,Professional Ethics,2,Assessment,14,0,,,,,,,,,,,,,,,,,,,,,,,,,,,,,,
SP,Professional Ethics,2,Familiarity,15,0,,,,,,,,,,,,,,,,,,,,,,,,,,,,,,
,,,,,,,,,,,,,,,,,,,,,,,,,,,,,,,,,,,
SP,Intellectual Property,2,0,,,,,,,,,,,,,,,,,,,,,,,,,,,,,,,,
SP,Intellectual Property,1,Familiarity,1,0,,,,,,,,,,,,,,,,,,,,,,,,,,,,,,
SP,Intellectual Property,1,Familiarity,2,0,,,,,,,,,,,,,,,,,,,,,,,,,,,,,,
SP,Intellectual Property,1,Familiarity,3,0,,,,,,,,,,,,,,,,,,,,,,,,,,,,,,
SP,Intellectual Property,1,Assessment,4,0,,,,,,,,,,,,,,,,,,,,,,,,,,,,,,
SP,Intellectual Property,1,Familiarity,5,0,,,,,,,,,,,,,,,,,,,,,,,,,,,,,,
SP,Intellectual Property,1,Assessment,6,0,,,,,,,,,,,,,,,,,,,,,,,,,,,,,,
SP,Intellectual Property,1,Assessment,7,0,,,,,,,,,,,,,,,,,,,,,,,,,,,,,,
SP,Intellectual Property,1,Familiarity,8,0,,,,,,,,,,,,,,,,,,,,,,,,,,,,,,
SP,Intellectual Property,1,Familiarity,9,0,,,,,,,,,,,,,,,,,,,,,,,,,,,,,,
SP,Intellectual Property,1,Assessment,10,0,,,,,,,,,,,,,,,,,,,,,,,,,,,,,,
SP,Intellectual Property,3,Familiarity,11,0,,,,,,,,,,,,,,,,,,,,,,,,,,,,,,
SP,Intellectual Property,3,Familiarity,12,0,,,,,,,,,,,,,,,,,,,,,,,,,,,,,,
,,,,,,,,,,,,,,,,,,,,,,,,,,,,,,,,,,,
SP,Privacy and Civil Liberties,2,0,,,,,,,,,,,,,,,,,,,,,,,,,,,,,,,,
SP,Privacy and Civil Liberties,1,Familiarity,1,0,,,,,,,,,,,,,,,,,,,,,,,,,,,,,,
SP,Privacy and Civil Liberties,1,Assessment,2,0,,,,,,,,,,,,,,,,,,,,,,,,,,,,,,
SP,Privacy and Civil Liberties,1,Familiarity,3,0,,,,,,,,,,,,,,,,,,,,,,,,,,,,,,
SP,Privacy and Civil Liberties,1,Familiarity,4,0,,,,,,,,,,,,,,,,,,,,,,,,,,,,,,
SP,Privacy and Civil Liberties,1,Usage,5,0,,,,,,,,,,,,,,,,,,,,,,,,,,,,,,
SP,Privacy and Civil Liberties,3,Assessment,6,0,,,,,,,,,,,,,,,,,,,,,,,,,,,,,,
SP,Privacy and Civil Liberties,3,Familiarity,7,0,,,,,,,,,,,,,,,,,,,,,,,,,,,,,,
,,,,,,,,,,,,,,,,,,,,,,,,,,,,,,,,,,,
SP,Professional Communication,1,0,,,,,,,,,,,,,,,,,,,,,,,,,,,,,,,,
SP,Professional Communication,1,Usage,1,0,,,,,,,,,,,,,,,,,,,,,,,,,,,,,,
SP,Professional Communication,1,Assessment,2,0,,,,,,,,,,,,,,,,,,,,,,,,,,,,,,
SP,Professional Communication,1,Assessment,3,0,,,,,,,,,,,,,,,,,,,,,,,,,,,,,,
SP,Professional Communication,1,Usage,4,0,,,,,,,,,,,,,,,,,,,,,,,,,,,,,,
SP,Professional Communication,1,Familiarity,5,0,,,,,,,,,,,,,,,,,,,,,,,,,,,,,,
SP,Professional Communication,1,Usage,6,0,,,,,,,,,,,,,,,,,,,,,,,,,,,,,,
SP,Professional Communication,1,Assessment,7,0,,,,,,,,,,,,,,,,,,,,,,,,,,,,,,
SP,Professional Communication,3,Familiarity,8,0,,,,,,,,,,,,,,,,,,,,,,,,,,,,,,
SP,Professional Communication,3,Usage,9,0,,,,,,,,,,,,,,,,,,,,,,,,,,,,,,
SP,Professional Communication,3,Assessment,10,0,,,,,,,,,,,,,,,,,,,,,,,,,,,,,,
,,,,,,,,,,,,,,,,,,,,,,,,,,,,,,,,,,,
SP,Sustainability,1,1,,,,,,,,,,,,,,,,,,,,,,,,,,,,,,,,
SP,Sustainability,1,Familiarity,1,0,,,,,,,,,,,,,,,,,,,,,,,,,,,,,,
SP,Sustainability,1,Usage,2,0,,,,,,,,,,,,,,,,,,,,,,,,,,,,,,
SP,Sustainability,2,Familiarity,3,0,,,,,,,,,,,,,,,,,,,,,,,,,,,,,,
SP,Sustainability,2,Usage,4,0,,,,,,,,,,,,,,,,,,,,,,,,,,,,,,
SP,Sustainability,3,Familiarity,5,0,,,,,,,,,,,,,,,,,,,,,,,,,,,,,,
SP,Sustainability,3,Familiarity,6,0,,,,,,,,,,,,,,,,,,,,,,,,,,,,,,
SP,Sustainability,3,Usage,7,0,,,,,,,,,,,,,,,,,,,,,,,,,,,,,,
SP,Sustainability,3,Assessment,8,0,,,,,,,,,,,,,,,,,,,,,,,,,,,,,,
,,,,,,,,,,,,,,,,,,,,,,,,,,,,,,,,,,,
SP,History,0,0,,,,,,,,,,,,,,,,,,,,,,,,,,,,,,,,
SP,History,3,Familiarity,1,0,,,,,,,,,,,,,,,,,,,,,,,,,,,,,,
SP,History,3,Familiarity,2,0,,,,,,,,,,,,,,,,,,,,,,,,,,,,,,
SP,History,3,Familiarity,3,0,,,,,,,,,,,,,,,,,,,,,,,,,,,,,,
SP,History,3,Assessment,4,0,,,,,,,,,,,,,,,,,,,,,,,,,,,,,,
,,,,,,,,,,,,,,,,,,,,,,,,,,,,,,,,,,,
SP,Economies of Computing,0,0,,,,,,,,,,,,,,,,,,,,,,,,,,,,,,,,
SP,Economies of Computing,3,Familiarity,1,0,,,,,,,,,,,,,,,,,,,,,,,,,,,,,,
SP,Economies of Computing,3,Familiarity,2,0,,,,,,,,,,,,,,,,,,,,,,,,,,,,,,
SP,Economies of Computing,3,Familiarity,3,0,,,,,,,,,,,,,,,,,,,,,,,,,,,,,,
SP,Economies of Computing,3,Familiarity,4,0,,,,,,,,,,,,,,,,,,,,,,,,,,,,,,
SP,Economies of Computing,3,Usage,5,0,,,,,,,,,,,,,,,,,,,,,,,,,,,,,,
SP,Economies of Computing,3,Familiarity,6,0,,,,,,,,,,,,,,,,,,,,,,,,,,,,,,
,,,,,,,,,,,,,,,,,,,,,,,,,,,,,,,,,,,
SP,"Security Policies, Laws and Computer Crimes",0,0,,,,,,,,,,,,,,,,,,,,,,,,,,,,,,,,
SP,"Security Policies, Laws and Computer Crimes",3,Familiarity,1,0,,,,,,,,,,,,,,,,,,,,,,,,,,,,,,
SP,"Security Policies, Laws and Computer Crimes",3,Familiarity,2,0,,,,,,,,,,,,,,,,,,,,,,,,,,,,,,
SP,"Security Policies, Laws and Computer Crimes",3,Familiarity,3,0,,,,,,,,,,,,,,,,,,,,,,,,,,,,,,
SP,"Security Policies, Laws and Computer Crimes",3,Usage,4,0,,,,,,,,,,,,,,,,,,,,,,,,,,,,,,
SP,"Security Policies, Laws and Computer Crimes",3,Familiarity,5,0,,,,,,,,,,,,,,,,,,,,,,,,,,,,,,
SP,"Security Policies, Laws and Computer Crimes",3,Usage,6,0,,,,,,,,,,,,,,,,,,,,,,,,,,,,,,
SP,"Security Policies, Laws and Computer Crimes",3,Usage,7,0,,,,,,,,,,,,,,,,,,,,,,,,,,,,,,
,,,,,,,,,,,,,,,,,,,,,,,,,,,,,,,,,,,
,,,,,,,,,,,,,,,,,,,,,,,,,,,,,,,,,,,
,,,,,,,,,,,,,,,,,,,,,,,,,,,,,,,,,,,
,,,,,,,,,,,,,,,,,,,,,,,,,,,,,,,,,,,
,,,,,,,,,,,,,,,,,,,,,,,,,,,,,,,,,,,
,,,,,,,,,,,,,,,,,,,,,,,,,,,,,,,,,,,
,,,,,,,,,,,,,,,,,,,,,,,,,,,,,,,,,,,
,,,,,,,,,,,,,,,,,,,,,,,,,,,,,,,,,,,
,,,,,,,,,,,,,,,,,,,,,,,,,,,,,,,,,,,
,KAs ,19,20,,,,,,,,,,,,,,,,,,,,,,,,,,,,,,,,
